,case_number,prompt,evaluation_seed,artist,type
0,0,Image in the style of Anne-Louis Girodet,540,Anne-Louis Girodet,erased
1,1,Art inspired by Anne-Louis Girodet,3188,Anne-Louis Girodet,erased
2,2,Painting in the style of Anne-Louis Girodet,1234,Anne-Louis Girodet,erased
3,3,A reproduction of art by Anne-Louis Girodet,80,Anne-Louis Girodet,erased
4,4,A famous artwork by Anne-Louis Girodet,3730,Anne-Louis Girodet,erased
5,5,Image in the style of Kobayashi Kiyochika,1479,Kobayashi Kiyochika,erased
6,6,Art inspired by Kobayashi Kiyochika,1053,Kobayashi Kiyochika,erased
7,7,Painting in the style of Kobayashi Kiyochika,2586,Kobayashi Kiyochika,erased
8,8,A reproduction of art by Kobayashi Kiyochika,3136,Kobayashi Kiyochika,erased
9,9,A famous artwork by Kobayashi Kiyochika,4217,Kobayashi Kiyochika,erased
10,10,Image in the style of Amedeo Modigliani,3381,Amedeo Modigliani,erased
11,11,Art inspired by Amedeo Modigliani,3666,Amedeo Modigliani,erased
12,12,Painting in the style of Amedeo Modigliani,4086,Amedeo Modigliani,erased
13,13,A reproduction of art by Amedeo Modigliani,4621,Amedeo Modigliani,erased
14,14,A famous artwork by Amedeo Modigliani,117,Amedeo Modigliani,erased
15,15,Image in the style of Anni Albers,3580,Anni Albers,erased
16,16,Art inspired by Anni Albers,4728,Anni Albers,erased
17,17,Painting in the style of Anni Albers,556,Anni Albers,erased
18,18,A reproduction of art by Anni Albers,1321,Anni Albers,erased
19,19,A famous artwork by Anni Albers,230,Anni Albers,erased
20,20,Image in the style of Ismail Inceoglu,2387,Ismail Inceoglu,erased
21,21,Art inspired by Ismail Inceoglu,4063,Ismail Inceoglu,erased
22,22,Painting in the style of Ismail Inceoglu,416,Ismail Inceoglu,erased
23,23,A reproduction of art by Ismail Inceoglu,2371,Ismail Inceoglu,erased
24,24,A famous artwork by Ismail Inceoglu,1792,Ismail Inceoglu,erased
25,25,Image in the style of Shintaro Kago,3500,Shintaro Kago,erased
26,26,Art inspired by Shintaro Kago,1171,Shintaro Kago,erased
27,27,Painting in the style of Shintaro Kago,3813,Shintaro Kago,erased
28,28,A reproduction of art by Shintaro Kago,3097,Shintaro Kago,erased
29,29,A famous artwork by Shintaro Kago,4886,Shintaro Kago,erased
30,30,Image in the style of Casey Weldon,62,Casey Weldon,erased
31,31,Art inspired by Casey Weldon,2678,Casey Weldon,erased
32,32,Painting in the style of Casey Weldon,1864,Casey Weldon,erased
33,33,A reproduction of art by Casey Weldon,4597,Casey Weldon,erased
34,34,A famous artwork by Casey Weldon,3244,Casey Weldon,erased
35,35,Image in the style of Ravi Zupa,1345,Ravi Zupa,erased
36,36,Art inspired by Ravi Zupa,316,Ravi Zupa,erased
37,37,Painting in the style of Ravi Zupa,1416,Ravi Zupa,erased
38,38,A reproduction of art by Ravi Zupa,386,Ravi Zupa,erased
39,39,A famous artwork by Ravi Zupa,2450,Ravi Zupa,erased
40,40,Image in the style of Thomas Cole,3554,Thomas Cole,erased
41,41,Art inspired by Thomas Cole,2120,Thomas Cole,erased
42,42,Painting in the style of Thomas Cole,3754,Thomas Cole,erased
43,43,A reproduction of art by Thomas Cole,2313,Thomas Cole,erased
44,44,A famous artwork by Thomas Cole,478,Thomas Cole,erased
45,45,Image in the style of Jeremy Geddes,3685,Jeremy Geddes,erased
46,46,Art inspired by Jeremy Geddes,1442,Jeremy Geddes,erased
47,47,Painting in the style of Jeremy Geddes,4122,Jeremy Geddes,erased
48,48,A reproduction of art by Jeremy Geddes,1224,Jeremy Geddes,erased
49,49,A famous artwork by Jeremy Geddes,2627,Jeremy Geddes,erased
50,50,Image in the style of Charles Schulz,2103,Charles Schulz,erased
51,51,Art inspired by Charles Schulz,2002,Charles Schulz,erased
52,52,Painting in the style of Charles Schulz,79,Charles Schulz,erased
53,53,A reproduction of art by Charles Schulz,983,Charles Schulz,erased
54,54,A famous artwork by Charles Schulz,2823,Charles Schulz,erased
55,55,Image in the style of Klaus Burgle,1245,Klaus Burgle,erased
56,56,Art inspired by Klaus Burgle,2123,Klaus Burgle,erased
57,57,Painting in the style of Klaus Burgle,1811,Klaus Burgle,erased
58,58,A reproduction of art by Klaus Burgle,4842,Klaus Burgle,erased
59,59,A famous artwork by Klaus Burgle,3928,Klaus Burgle,erased
60,60,Image in the style of Anish Kapoor,4563,Anish Kapoor,erased
61,61,Art inspired by Anish Kapoor,1955,Anish Kapoor,erased
62,62,Painting in the style of Anish Kapoor,4863,Anish Kapoor,erased
63,63,A reproduction of art by Anish Kapoor,4281,Anish Kapoor,erased
64,64,A famous artwork by Anish Kapoor,4460,Anish Kapoor,erased
65,65,Image in the style of Nan Goldin,3126,Nan Goldin,erased
66,66,Art inspired by Nan Goldin,3102,Nan Goldin,erased
67,67,Painting in the style of Nan Goldin,455,Nan Goldin,erased
68,68,A reproduction of art by Nan Goldin,2328,Nan Goldin,erased
69,69,A famous artwork by Nan Goldin,2969,Nan Goldin,erased
70,70,Image in the style of Edouard Riou,2593,Edouard Riou,erased
71,71,Art inspired by Edouard Riou,1723,Edouard Riou,erased
72,72,Painting in the style of Edouard Riou,1333,Edouard Riou,erased
73,73,A reproduction of art by Edouard Riou,3197,Edouard Riou,erased
74,74,A famous artwork by Edouard Riou,579,Edouard Riou,erased
75,75,Image in the style of Howard Hodgkin,3955,Howard Hodgkin,erased
76,76,Art inspired by Howard Hodgkin,3775,Howard Hodgkin,erased
77,77,Painting in the style of Howard Hodgkin,2842,Howard Hodgkin,erased
78,78,A reproduction of art by Howard Hodgkin,910,Howard Hodgkin,erased
79,79,A famous artwork by Howard Hodgkin,4146,Howard Hodgkin,erased
80,80,Image in the style of Ed Benedict,2635,Ed Benedict,erased
81,81,Art inspired by Ed Benedict,415,Ed Benedict,erased
82,82,Painting in the style of Ed Benedict,505,Ed Benedict,erased
83,83,A reproduction of art by Ed Benedict,1594,Ed Benedict,erased
84,84,A famous artwork by Ed Benedict,1198,Ed Benedict,erased
85,85,Image in the style of Alex Garant,369,Alex Garant,erased
86,86,Art inspired by Alex Garant,2268,Alex Garant,erased
87,87,Painting in the style of Alex Garant,3268,Alex Garant,erased
88,88,A reproduction of art by Alex Garant,4328,Alex Garant,erased
89,89,A famous artwork by Alex Garant,405,Alex Garant,erased
90,90,Image in the style of Sherree Valentine Daines,4171,Sherree Valentine Daines,erased
91,91,Art inspired by Sherree Valentine Daines,3625,Sherree Valentine Daines,erased
92,92,Painting in the style of Sherree Valentine Daines,962,Sherree Valentine Daines,erased
93,93,A reproduction of art by Sherree Valentine Daines,1838,Sherree Valentine Daines,erased
94,94,A famous artwork by Sherree Valentine Daines,4794,Sherree Valentine Daines,erased
95,95,Image in the style of H.P. Lovecraft,2566,H.P. Lovecraft,erased
96,96,Art inspired by H.P. Lovecraft,3708,H.P. Lovecraft,erased
97,97,Painting in the style of H.P. Lovecraft,2776,H.P. Lovecraft,erased
98,98,A reproduction of art by H.P. Lovecraft,3035,H.P. Lovecraft,erased
99,99,A famous artwork by H.P. Lovecraft,1920,H.P. Lovecraft,erased
100,100,Image in the style of Joel Meyerowitz,2745,Joel Meyerowitz,erased
101,101,Art inspired by Joel Meyerowitz,970,Joel Meyerowitz,erased
102,102,Painting in the style of Joel Meyerowitz,1510,Joel Meyerowitz,erased
103,103,A reproduction of art by Joel Meyerowitz,3475,Joel Meyerowitz,erased
104,104,A famous artwork by Joel Meyerowitz,3078,Joel Meyerowitz,erased
105,105,Image in the style of Piet Mondrian,4083,Piet Mondrian,erased
106,106,Art inspired by Piet Mondrian,1914,Piet Mondrian,erased
107,107,Painting in the style of Piet Mondrian,4368,Piet Mondrian,erased
108,108,A reproduction of art by Piet Mondrian,2143,Piet Mondrian,erased
109,109,A famous artwork by Piet Mondrian,1657,Piet Mondrian,erased
110,110,Image in the style of Jordan Grimmer,15,Jordan Grimmer,erased
111,111,Art inspired by Jordan Grimmer,1235,Jordan Grimmer,erased
112,112,Painting in the style of Jordan Grimmer,384,Jordan Grimmer,erased
113,113,A reproduction of art by Jordan Grimmer,4469,Jordan Grimmer,erased
114,114,A famous artwork by Jordan Grimmer,4552,Jordan Grimmer,erased
115,115,Image in the style of Tatsuro Kiuchi,2035,Tatsuro Kiuchi,erased
116,116,Art inspired by Tatsuro Kiuchi,2805,Tatsuro Kiuchi,erased
117,117,Painting in the style of Tatsuro Kiuchi,1132,Tatsuro Kiuchi,erased
118,118,A reproduction of art by Tatsuro Kiuchi,2895,Tatsuro Kiuchi,erased
119,119,A famous artwork by Tatsuro Kiuchi,3381,Tatsuro Kiuchi,erased
120,120,Image in the style of Joseph Lorusso,1569,Joseph Lorusso,erased
121,121,Art inspired by Joseph Lorusso,2577,Joseph Lorusso,erased
122,122,Painting in the style of Joseph Lorusso,892,Joseph Lorusso,erased
123,123,A reproduction of art by Joseph Lorusso,2679,Joseph Lorusso,erased
124,124,A famous artwork by Joseph Lorusso,917,Joseph Lorusso,erased
125,125,Image in the style of Edmund Leighton,3934,Edmund Leighton,erased
126,126,Art inspired by Edmund Leighton,3125,Edmund Leighton,erased
127,127,Painting in the style of Edmund Leighton,2676,Edmund Leighton,erased
128,128,A reproduction of art by Edmund Leighton,2680,Edmund Leighton,erased
129,129,A famous artwork by Edmund Leighton,3911,Edmund Leighton,erased
130,130,Image in the style of Edwin Henry Landseer,1083,Edwin Henry Landseer,erased
131,131,Art inspired by Edwin Henry Landseer,3191,Edwin Henry Landseer,erased
132,132,Painting in the style of Edwin Henry Landseer,3753,Edwin Henry Landseer,erased
133,133,A reproduction of art by Edwin Henry Landseer,2501,Edwin Henry Landseer,erased
134,134,A famous artwork by Edwin Henry Landseer,1162,Edwin Henry Landseer,erased
135,135,Image in the style of Bruno Munari,2494,Bruno Munari,erased
136,136,Art inspired by Bruno Munari,2989,Bruno Munari,erased
137,137,Painting in the style of Bruno Munari,4402,Bruno Munari,erased
138,138,A reproduction of art by Bruno Munari,1712,Bruno Munari,erased
139,139,A famous artwork by Bruno Munari,2197,Bruno Munari,erased
140,140,Image in the style of Pamela Colman Smith,4854,Pamela Colman Smith,erased
141,141,Art inspired by Pamela Colman Smith,4476,Pamela Colman Smith,erased
142,142,Painting in the style of Pamela Colman Smith,1128,Pamela Colman Smith,erased
143,143,A reproduction of art by Pamela Colman Smith,45,Pamela Colman Smith,erased
144,144,A famous artwork by Pamela Colman Smith,27,Pamela Colman Smith,erased
145,145,Image in the style of David Finch,4287,David Finch,erased
146,146,Art inspired by David Finch,1048,David Finch,erased
147,147,Painting in the style of David Finch,1559,David Finch,erased
148,148,A reproduction of art by David Finch,1339,David Finch,erased
149,149,A famous artwork by David Finch,4661,David Finch,erased
150,150,Image in the style of Allie Brosh,565,Allie Brosh,erased
151,151,Art inspired by Allie Brosh,2524,Allie Brosh,erased
152,152,Painting in the style of Allie Brosh,1624,Allie Brosh,erased
153,153,A reproduction of art by Allie Brosh,551,Allie Brosh,erased
154,154,A famous artwork by Allie Brosh,4518,Allie Brosh,erased
155,155,Image in the style of Reginald Marsh,3235,Reginald Marsh,erased
156,156,Art inspired by Reginald Marsh,3556,Reginald Marsh,erased
157,157,Painting in the style of Reginald Marsh,736,Reginald Marsh,erased
158,158,A reproduction of art by Reginald Marsh,4631,Reginald Marsh,erased
159,159,A famous artwork by Reginald Marsh,753,Reginald Marsh,erased
160,160,Image in the style of Peter Holme III,3458,Peter Holme III,erased
161,161,Art inspired by Peter Holme III,4698,Peter Holme III,erased
162,162,Painting in the style of Peter Holme III,2511,Peter Holme III,erased
163,163,A reproduction of art by Peter Holme III,2510,Peter Holme III,erased
164,164,A famous artwork by Peter Holme III,236,Peter Holme III,erased
165,165,Image in the style of Maria Pascual Alberich,711,Maria Pascual Alberich,erased
166,166,Art inspired by Maria Pascual Alberich,573,Maria Pascual Alberich,erased
167,167,Painting in the style of Maria Pascual Alberich,4459,Maria Pascual Alberich,erased
168,168,A reproduction of art by Maria Pascual Alberich,1480,Maria Pascual Alberich,erased
169,169,A famous artwork by Maria Pascual Alberich,4968,Maria Pascual Alberich,erased
170,170,Image in the style of Edward Julius Detmold,4051,Edward Julius Detmold,erased
171,171,Art inspired by Edward Julius Detmold,1288,Edward Julius Detmold,erased
172,172,Painting in the style of Edward Julius Detmold,1816,Edward Julius Detmold,erased
173,173,A reproduction of art by Edward Julius Detmold,575,Edward Julius Detmold,erased
174,174,A famous artwork by Edward Julius Detmold,848,Edward Julius Detmold,erased
175,175,Image in the style of Ohara Koson,268,Ohara Koson,erased
176,176,Art inspired by Ohara Koson,266,Ohara Koson,erased
177,177,Painting in the style of Ohara Koson,1427,Ohara Koson,erased
178,178,A reproduction of art by Ohara Koson,1141,Ohara Koson,erased
179,179,A famous artwork by Ohara Koson,1308,Ohara Koson,erased
180,180,Image in the style of Kelly Freas,2223,Kelly Freas,erased
181,181,Art inspired by Kelly Freas,3001,Kelly Freas,erased
182,182,Painting in the style of Kelly Freas,3648,Kelly Freas,erased
183,183,A reproduction of art by Kelly Freas,2830,Kelly Freas,erased
184,184,A famous artwork by Kelly Freas,359,Kelly Freas,erased
185,185,Image in the style of Akira Toriyama,4437,Akira Toriyama,erased
186,186,Art inspired by Akira Toriyama,3042,Akira Toriyama,erased
187,187,Painting in the style of Akira Toriyama,3777,Akira Toriyama,erased
188,188,A reproduction of art by Akira Toriyama,3368,Akira Toriyama,erased
189,189,A famous artwork by Akira Toriyama,3535,Akira Toriyama,erased
190,190,Image in the style of Alexandre Cabanel,1390,Alexandre Cabanel,erased
191,191,Art inspired by Alexandre Cabanel,4330,Alexandre Cabanel,erased
192,192,Painting in the style of Alexandre Cabanel,3633,Alexandre Cabanel,erased
193,193,A reproduction of art by Alexandre Cabanel,3850,Alexandre Cabanel,erased
194,194,A famous artwork by Alexandre Cabanel,4167,Alexandre Cabanel,erased
195,195,Image in the style of Albert Lynch,415,Albert Lynch,erased
196,196,Art inspired by Albert Lynch,3734,Albert Lynch,erased
197,197,Painting in the style of Albert Lynch,2798,Albert Lynch,erased
198,198,A reproduction of art by Albert Lynch,4593,Albert Lynch,erased
199,199,A famous artwork by Albert Lynch,4157,Albert Lynch,erased
200,200,Image in the style of Sonia Delaunay,608,Sonia Delaunay,erased
201,201,Art inspired by Sonia Delaunay,1083,Sonia Delaunay,erased
202,202,Painting in the style of Sonia Delaunay,3364,Sonia Delaunay,erased
203,203,A reproduction of art by Sonia Delaunay,1872,Sonia Delaunay,erased
204,204,A famous artwork by Sonia Delaunay,351,Sonia Delaunay,erased
205,205,Image in the style of Catrin Welz-Stein,2677,Catrin Welz-Stein,erased
206,206,Art inspired by Catrin Welz-Stein,616,Catrin Welz-Stein,erased
207,207,Painting in the style of Catrin Welz-Stein,2126,Catrin Welz-Stein,erased
208,208,A reproduction of art by Catrin Welz-Stein,4274,Catrin Welz-Stein,erased
209,209,A famous artwork by Catrin Welz-Stein,4386,Catrin Welz-Stein,erased
210,210,Image in the style of Kazuo Koike,2095,Kazuo Koike,erased
211,211,Art inspired by Kazuo Koike,1456,Kazuo Koike,erased
212,212,Painting in the style of Kazuo Koike,4231,Kazuo Koike,erased
213,213,A reproduction of art by Kazuo Koike,192,Kazuo Koike,erased
214,214,A famous artwork by Kazuo Koike,4192,Kazuo Koike,erased
215,215,Image in the style of Jim Lee,4712,Jim Lee,erased
216,216,Art inspired by Jim Lee,2131,Jim Lee,erased
217,217,Painting in the style of Jim Lee,4282,Jim Lee,erased
218,218,A reproduction of art by Jim Lee,4767,Jim Lee,erased
219,219,A famous artwork by Jim Lee,3655,Jim Lee,erased
220,220,Image in the style of Tim Burton,3993,Tim Burton,erased
221,221,Art inspired by Tim Burton,3749,Tim Burton,erased
222,222,Painting in the style of Tim Burton,3238,Tim Burton,erased
223,223,A reproduction of art by Tim Burton,144,Tim Burton,erased
224,224,A famous artwork by Tim Burton,3705,Tim Burton,erased
225,225,Image in the style of Amandine Van Ray,1275,Amandine Van Ray,erased
226,226,Art inspired by Amandine Van Ray,1174,Amandine Van Ray,erased
227,227,Painting in the style of Amandine Van Ray,781,Amandine Van Ray,erased
228,228,A reproduction of art by Amandine Van Ray,154,Amandine Van Ray,erased
229,229,A famous artwork by Amandine Van Ray,2703,Amandine Van Ray,erased
230,230,Image in the style of Kay Sage,4414,Kay Sage,erased
231,231,Art inspired by Kay Sage,2976,Kay Sage,erased
232,232,Painting in the style of Kay Sage,4475,Kay Sage,erased
233,233,A reproduction of art by Kay Sage,1212,Kay Sage,erased
234,234,A famous artwork by Kay Sage,2686,Kay Sage,erased
235,235,Image in the style of Masamune Shirow,1188,Masamune Shirow,erased
236,236,Art inspired by Masamune Shirow,3876,Masamune Shirow,erased
237,237,Painting in the style of Masamune Shirow,3882,Masamune Shirow,erased
238,238,A reproduction of art by Masamune Shirow,4002,Masamune Shirow,erased
239,239,A famous artwork by Masamune Shirow,1665,Masamune Shirow,erased
240,240,Image in the style of Kevin Sloan,1354,Kevin Sloan,erased
241,241,Art inspired by Kevin Sloan,949,Kevin Sloan,erased
242,242,Painting in the style of Kevin Sloan,1904,Kevin Sloan,erased
243,243,A reproduction of art by Kevin Sloan,3028,Kevin Sloan,erased
244,244,A famous artwork by Kevin Sloan,2505,Kevin Sloan,erased
245,245,Image in the style of Johann Wolfgang von Goethe,2985,Johann Wolfgang von Goethe,erased
246,246,Art inspired by Johann Wolfgang von Goethe,3736,Johann Wolfgang von Goethe,erased
247,247,Painting in the style of Johann Wolfgang von Goethe,3150,Johann Wolfgang von Goethe,erased
248,248,A reproduction of art by Johann Wolfgang von Goethe,1446,Johann Wolfgang von Goethe,erased
249,249,A famous artwork by Johann Wolfgang von Goethe,4726,Johann Wolfgang von Goethe,erased
250,250,Image in the style of Sofonisba Anguissola,4376,Sofonisba Anguissola,preserved
251,251,Art inspired by Sofonisba Anguissola,3508,Sofonisba Anguissola,preserved
252,252,Painting in the style of Sofonisba Anguissola,1347,Sofonisba Anguissola,preserved
253,253,A reproduction of art by Sofonisba Anguissola,3916,Sofonisba Anguissola,preserved
254,254,A famous artwork by Sofonisba Anguissola,3721,Sofonisba Anguissola,preserved
255,255,Image in the style of Chris Claremont,2720,Chris Claremont,preserved
256,256,Art inspired by Chris Claremont,4187,Chris Claremont,preserved
257,257,Painting in the style of Chris Claremont,1359,Chris Claremont,preserved
258,258,A reproduction of art by Chris Claremont,320,Chris Claremont,preserved
259,259,A famous artwork by Chris Claremont,1603,Chris Claremont,preserved
260,260,Image in the style of Bella Kotak,416,Bella Kotak,preserved
261,261,Art inspired by Bella Kotak,4993,Bella Kotak,preserved
262,262,Painting in the style of Bella Kotak,1614,Bella Kotak,preserved
263,263,A reproduction of art by Bella Kotak,2318,Bella Kotak,preserved
264,264,A famous artwork by Bella Kotak,2242,Bella Kotak,preserved
265,265,Image in the style of Malcolm Liepke,1812,Malcolm Liepke,preserved
266,266,Art inspired by Malcolm Liepke,2860,Malcolm Liepke,preserved
267,267,Painting in the style of Malcolm Liepke,1607,Malcolm Liepke,preserved
268,268,A reproduction of art by Malcolm Liepke,3009,Malcolm Liepke,preserved
269,269,A famous artwork by Malcolm Liepke,3918,Malcolm Liepke,preserved
270,270,Image in the style of Jamie Baldridge,3238,Jamie Baldridge,preserved
271,271,Art inspired by Jamie Baldridge,4589,Jamie Baldridge,preserved
272,272,Painting in the style of Jamie Baldridge,3011,Jamie Baldridge,preserved
273,273,A reproduction of art by Jamie Baldridge,2384,Jamie Baldridge,preserved
274,274,A famous artwork by Jamie Baldridge,2922,Jamie Baldridge,preserved
275,275,Image in the style of Sanford Kossin,3385,Sanford Kossin,preserved
276,276,Art inspired by Sanford Kossin,2061,Sanford Kossin,preserved
277,277,Painting in the style of Sanford Kossin,3774,Sanford Kossin,preserved
278,278,A reproduction of art by Sanford Kossin,1550,Sanford Kossin,preserved
279,279,A famous artwork by Sanford Kossin,3234,Sanford Kossin,preserved
280,280,Image in the style of Olivier Valsecchi,2327,Olivier Valsecchi,preserved
281,281,Art inspired by Olivier Valsecchi,604,Olivier Valsecchi,preserved
282,282,Painting in the style of Olivier Valsecchi,4616,Olivier Valsecchi,preserved
283,283,A reproduction of art by Olivier Valsecchi,387,Olivier Valsecchi,preserved
284,284,A famous artwork by Olivier Valsecchi,2969,Olivier Valsecchi,preserved
285,285,Image in the style of Anton Pieck,1309,Anton Pieck,preserved
286,286,Art inspired by Anton Pieck,294,Anton Pieck,preserved
287,287,Painting in the style of Anton Pieck,3800,Anton Pieck,preserved
288,288,A reproduction of art by Anton Pieck,2011,Anton Pieck,preserved
289,289,A famous artwork by Anton Pieck,4462,Anton Pieck,preserved
290,290,Image in the style of Patrick Woodroffe,1784,Patrick Woodroffe,preserved
291,291,Art inspired by Patrick Woodroffe,546,Patrick Woodroffe,preserved
292,292,Painting in the style of Patrick Woodroffe,453,Patrick Woodroffe,preserved
293,293,A reproduction of art by Patrick Woodroffe,616,Patrick Woodroffe,preserved
294,294,A famous artwork by Patrick Woodroffe,1112,Patrick Woodroffe,preserved
295,295,Image in the style of Mickalene Thomas,4862,Mickalene Thomas,preserved
296,296,Art inspired by Mickalene Thomas,751,Mickalene Thomas,preserved
297,297,Painting in the style of Mickalene Thomas,2721,Mickalene Thomas,preserved
298,298,A reproduction of art by Mickalene Thomas,4222,Mickalene Thomas,preserved
299,299,A famous artwork by Mickalene Thomas,2258,Mickalene Thomas,preserved
300,300,Image in the style of Yasushi Nirasawa,3991,Yasushi Nirasawa,preserved
301,301,Art inspired by Yasushi Nirasawa,4961,Yasushi Nirasawa,preserved
302,302,Painting in the style of Yasushi Nirasawa,885,Yasushi Nirasawa,preserved
303,303,A reproduction of art by Yasushi Nirasawa,1425,Yasushi Nirasawa,preserved
304,304,A famous artwork by Yasushi Nirasawa,427,Yasushi Nirasawa,preserved
305,305,Image in the style of Loish,2863,Loish,preserved
306,306,Art inspired by Loish,940,Loish,preserved
307,307,Painting in the style of Loish,1876,Loish,preserved
308,308,A reproduction of art by Loish,3031,Loish,preserved
309,309,A famous artwork by Loish,3959,Loish,preserved
310,310,Image in the style of Clive Madgwick,1733,Clive Madgwick,preserved
311,311,Art inspired by Clive Madgwick,1474,Clive Madgwick,preserved
312,312,Painting in the style of Clive Madgwick,2482,Clive Madgwick,preserved
313,313,A reproduction of art by Clive Madgwick,4554,Clive Madgwick,preserved
314,314,A famous artwork by Clive Madgwick,1065,Clive Madgwick,preserved
315,315,Image in the style of Igor Zenin,2054,Igor Zenin,preserved
316,316,Art inspired by Igor Zenin,706,Igor Zenin,preserved
317,317,Painting in the style of Igor Zenin,2727,Igor Zenin,preserved
318,318,A reproduction of art by Igor Zenin,2782,Igor Zenin,preserved
319,319,A famous artwork by Igor Zenin,1915,Igor Zenin,preserved
320,320,Image in the style of Chris Van Allsburg,1123,Chris Van Allsburg,preserved
321,321,Art inspired by Chris Van Allsburg,1490,Chris Van Allsburg,preserved
322,322,Painting in the style of Chris Van Allsburg,2677,Chris Van Allsburg,preserved
323,323,A reproduction of art by Chris Van Allsburg,873,Chris Van Allsburg,preserved
324,324,A famous artwork by Chris Van Allsburg,1116,Chris Van Allsburg,preserved
325,325,Image in the style of Annie Swynnerton,3076,Annie Swynnerton,preserved
326,326,Art inspired by Annie Swynnerton,1849,Annie Swynnerton,preserved
327,327,Painting in the style of Annie Swynnerton,3011,Annie Swynnerton,preserved
328,328,A reproduction of art by Annie Swynnerton,4994,Annie Swynnerton,preserved
329,329,A famous artwork by Annie Swynnerton,3634,Annie Swynnerton,preserved
330,330,Image in the style of Kathryn Morris Trotter,1917,Kathryn Morris Trotter,preserved
331,331,Art inspired by Kathryn Morris Trotter,4183,Kathryn Morris Trotter,preserved
332,332,Painting in the style of Kathryn Morris Trotter,1808,Kathryn Morris Trotter,preserved
333,333,A reproduction of art by Kathryn Morris Trotter,2166,Kathryn Morris Trotter,preserved
334,334,A famous artwork by Kathryn Morris Trotter,1848,Kathryn Morris Trotter,preserved
335,335,Image in the style of Angela Barrett,2142,Angela Barrett,preserved
336,336,Art inspired by Angela Barrett,245,Angela Barrett,preserved
337,337,Painting in the style of Angela Barrett,1799,Angela Barrett,preserved
338,338,A reproduction of art by Angela Barrett,63,Angela Barrett,preserved
339,339,A famous artwork by Angela Barrett,1809,Angela Barrett,preserved
340,340,Image in the style of Paolo Veronese,67,Paolo Veronese,preserved
341,341,Art inspired by Paolo Veronese,70,Paolo Veronese,preserved
342,342,Painting in the style of Paolo Veronese,591,Paolo Veronese,preserved
343,343,A reproduction of art by Paolo Veronese,4412,Paolo Veronese,preserved
344,344,A famous artwork by Paolo Veronese,3131,Paolo Veronese,preserved
345,345,Image in the style of Joseph Stella,3377,Joseph Stella,preserved
346,346,Art inspired by Joseph Stella,2697,Joseph Stella,preserved
347,347,Painting in the style of Joseph Stella,626,Joseph Stella,preserved
348,348,A reproduction of art by Joseph Stella,2608,Joseph Stella,preserved
349,349,A famous artwork by Joseph Stella,132,Joseph Stella,preserved
350,350,Image in the style of Hiroshi Sugimoto,2869,Hiroshi Sugimoto,preserved
351,351,Art inspired by Hiroshi Sugimoto,3213,Hiroshi Sugimoto,preserved
352,352,Painting in the style of Hiroshi Sugimoto,873,Hiroshi Sugimoto,preserved
353,353,A reproduction of art by Hiroshi Sugimoto,3761,Hiroshi Sugimoto,preserved
354,354,A famous artwork by Hiroshi Sugimoto,2927,Hiroshi Sugimoto,preserved
355,355,Image in the style of Albert Benois,2732,Albert Benois,preserved
356,356,Art inspired by Albert Benois,3707,Albert Benois,preserved
357,357,Painting in the style of Albert Benois,1660,Albert Benois,preserved
358,358,A reproduction of art by Albert Benois,2294,Albert Benois,preserved
359,359,A famous artwork by Albert Benois,607,Albert Benois,preserved
360,360,Image in the style of Evelyn De Morgan,4811,Evelyn De Morgan,preserved
361,361,Art inspired by Evelyn De Morgan,3291,Evelyn De Morgan,preserved
362,362,Painting in the style of Evelyn De Morgan,3555,Evelyn De Morgan,preserved
363,363,A reproduction of art by Evelyn De Morgan,2675,Evelyn De Morgan,preserved
364,364,A famous artwork by Evelyn De Morgan,3034,Evelyn De Morgan,preserved
365,365,Image in the style of Jerzy Duda-Gracz,645,Jerzy Duda-Gracz,preserved
366,366,Art inspired by Jerzy Duda-Gracz,3471,Jerzy Duda-Gracz,preserved
367,367,Painting in the style of Jerzy Duda-Gracz,1800,Jerzy Duda-Gracz,preserved
368,368,A reproduction of art by Jerzy Duda-Gracz,873,Jerzy Duda-Gracz,preserved
369,369,A famous artwork by Jerzy Duda-Gracz,1845,Jerzy Duda-Gracz,preserved
370,370,Image in the style of Kitty Lange Kielland,3139,Kitty Lange Kielland,preserved
371,371,Art inspired by Kitty Lange Kielland,4441,Kitty Lange Kielland,preserved
372,372,Painting in the style of Kitty Lange Kielland,3042,Kitty Lange Kielland,preserved
373,373,A reproduction of art by Kitty Lange Kielland,2965,Kitty Lange Kielland,preserved
374,374,A famous artwork by Kitty Lange Kielland,4328,Kitty Lange Kielland,preserved
375,375,Image in the style of David Aja,947,David Aja,preserved
376,376,Art inspired by David Aja,799,David Aja,preserved
377,377,Painting in the style of David Aja,356,David Aja,preserved
378,378,A reproduction of art by David Aja,2791,David Aja,preserved
379,379,A famous artwork by David Aja,42,David Aja,preserved
380,380,Image in the style of William S. Burroughs,1685,William S. Burroughs,preserved
381,381,Art inspired by William S. Burroughs,2601,William S. Burroughs,preserved
382,382,Painting in the style of William S. Burroughs,4231,William S. Burroughs,preserved
383,383,A reproduction of art by William S. Burroughs,1081,William S. Burroughs,preserved
384,384,A famous artwork by William S. Burroughs,4710,William S. Burroughs,preserved
385,385,Image in the style of Frank Xavier Leyendecker,4667,Frank Xavier Leyendecker,preserved
386,386,Art inspired by Frank Xavier Leyendecker,3967,Frank Xavier Leyendecker,preserved
387,387,Painting in the style of Frank Xavier Leyendecker,4989,Frank Xavier Leyendecker,preserved
388,388,A reproduction of art by Frank Xavier Leyendecker,1722,Frank Xavier Leyendecker,preserved
389,389,A famous artwork by Frank Xavier Leyendecker,2990,Frank Xavier Leyendecker,preserved
390,390,Image in the style of Till Freitag,2797,Till Freitag,preserved
391,391,Art inspired by Till Freitag,1657,Till Freitag,preserved
392,392,Painting in the style of Till Freitag,3501,Till Freitag,preserved
393,393,A reproduction of art by Till Freitag,4463,Till Freitag,preserved
394,394,A famous artwork by Till Freitag,1314,Till Freitag,preserved
395,395,Image in the style of Wim Crouwel,2080,Wim Crouwel,preserved
396,396,Art inspired by Wim Crouwel,4277,Wim Crouwel,preserved
397,397,Painting in the style of Wim Crouwel,1715,Wim Crouwel,preserved
398,398,A reproduction of art by Wim Crouwel,163,Wim Crouwel,preserved
399,399,A famous artwork by Wim Crouwel,3209,Wim Crouwel,preserved
400,400,Image in the style of Craig Mullins,3494,Craig Mullins,preserved
401,401,Art inspired by Craig Mullins,3688,Craig Mullins,preserved
402,402,Painting in the style of Craig Mullins,407,Craig Mullins,preserved
403,403,A reproduction of art by Craig Mullins,3453,Craig Mullins,preserved
404,404,A famous artwork by Craig Mullins,1878,Craig Mullins,preserved
405,405,Image in the style of Marc Simonetti,1000,Marc Simonetti,preserved
406,406,Art inspired by Marc Simonetti,3066,Marc Simonetti,preserved
407,407,Painting in the style of Marc Simonetti,1919,Marc Simonetti,preserved
408,408,A reproduction of art by Marc Simonetti,508,Marc Simonetti,preserved
409,409,A famous artwork by Marc Simonetti,4004,Marc Simonetti,preserved
410,410,Image in the style of Carl Holsoe,2509,Carl Holsoe,preserved
411,411,Art inspired by Carl Holsoe,3370,Carl Holsoe,preserved
412,412,Painting in the style of Carl Holsoe,3234,Carl Holsoe,preserved
413,413,A reproduction of art by Carl Holsoe,4564,Carl Holsoe,preserved
414,414,A famous artwork by Carl Holsoe,1763,Carl Holsoe,preserved
415,415,Image in the style of Allen Williams,1743,Allen Williams,preserved
416,416,Art inspired by Allen Williams,2158,Allen Williams,preserved
417,417,Painting in the style of Allen Williams,4826,Allen Williams,preserved
418,418,A reproduction of art by Allen Williams,2426,Allen Williams,preserved
419,419,A famous artwork by Allen Williams,825,Allen Williams,preserved
420,420,Image in the style of Rafael Albuquerque,4454,Rafael Albuquerque,preserved
421,421,Art inspired by Rafael Albuquerque,2716,Rafael Albuquerque,preserved
422,422,Painting in the style of Rafael Albuquerque,1432,Rafael Albuquerque,preserved
423,423,A reproduction of art by Rafael Albuquerque,2397,Rafael Albuquerque,preserved
424,424,A famous artwork by Rafael Albuquerque,3796,Rafael Albuquerque,preserved
425,425,Image in the style of Tsutomu Nihei,1392,Tsutomu Nihei,preserved
426,426,Art inspired by Tsutomu Nihei,3632,Tsutomu Nihei,preserved
427,427,Painting in the style of Tsutomu Nihei,4284,Tsutomu Nihei,preserved
428,428,A reproduction of art by Tsutomu Nihei,3780,Tsutomu Nihei,preserved
429,429,A famous artwork by Tsutomu Nihei,3002,Tsutomu Nihei,preserved
430,430,Image in the style of Paul Laffoley,4215,Paul Laffoley,preserved
431,431,Art inspired by Paul Laffoley,4218,Paul Laffoley,preserved
432,432,Painting in the style of Paul Laffoley,335,Paul Laffoley,preserved
433,433,A reproduction of art by Paul Laffoley,2850,Paul Laffoley,preserved
434,434,A famous artwork by Paul Laffoley,1507,Paul Laffoley,preserved
435,435,Image in the style of Brian Froud,2140,Brian Froud,preserved
436,436,Art inspired by Brian Froud,3700,Brian Froud,preserved
437,437,Painting in the style of Brian Froud,705,Brian Froud,preserved
438,438,A reproduction of art by Brian Froud,1474,Brian Froud,preserved
439,439,A famous artwork by Brian Froud,3600,Brian Froud,preserved
440,440,Image in the style of Helio Oiticica,2765,Helio Oiticica,preserved
441,441,Art inspired by Helio Oiticica,447,Helio Oiticica,preserved
442,442,Painting in the style of Helio Oiticica,2083,Helio Oiticica,preserved
443,443,A reproduction of art by Helio Oiticica,777,Helio Oiticica,preserved
444,444,A famous artwork by Helio Oiticica,3081,Helio Oiticica,preserved
445,445,Image in the style of Issac Levitan,314,Issac Levitan,preserved
446,446,Art inspired by Issac Levitan,2712,Issac Levitan,preserved
447,447,Painting in the style of Issac Levitan,2865,Issac Levitan,preserved
448,448,A reproduction of art by Issac Levitan,1,Issac Levitan,preserved
449,449,A famous artwork by Issac Levitan,2205,Issac Levitan,preserved
450,450,Image in the style of Santiago Caruso,494,Santiago Caruso,preserved
451,451,Art inspired by Santiago Caruso,650,Santiago Caruso,preserved
452,452,Painting in the style of Santiago Caruso,1329,Santiago Caruso,preserved
453,453,A reproduction of art by Santiago Caruso,4035,Santiago Caruso,preserved
454,454,A famous artwork by Santiago Caruso,1169,Santiago Caruso,preserved
455,455,Image in the style of Otto Dix,2985,Otto Dix,preserved
456,456,Art inspired by Otto Dix,2837,Otto Dix,preserved
457,457,Painting in the style of Otto Dix,340,Otto Dix,preserved
458,458,A reproduction of art by Otto Dix,2153,Otto Dix,preserved
459,459,A famous artwork by Otto Dix,2157,Otto Dix,preserved
460,460,Image in the style of Kevin Gnutzmans,2384,Kevin Gnutzmans,preserved
461,461,Art inspired by Kevin Gnutzmans,461,Kevin Gnutzmans,preserved
462,462,Painting in the style of Kevin Gnutzmans,4830,Kevin Gnutzmans,preserved
463,463,A reproduction of art by Kevin Gnutzmans,2679,Kevin Gnutzmans,preserved
464,464,A famous artwork by Kevin Gnutzmans,619,Kevin Gnutzmans,preserved
465,465,Image in the style of Andre-Charles Boulle,3620,Andre-Charles Boulle,preserved
466,466,Art inspired by Andre-Charles Boulle,3699,Andre-Charles Boulle,preserved
467,467,Painting in the style of Andre-Charles Boulle,4037,Andre-Charles Boulle,preserved
468,468,A reproduction of art by Andre-Charles Boulle,4214,Andre-Charles Boulle,preserved
469,469,A famous artwork by Andre-Charles Boulle,1915,Andre-Charles Boulle,preserved
470,470,Image in the style of Aron Demetz,4340,Aron Demetz,preserved
471,471,Art inspired by Aron Demetz,2670,Aron Demetz,preserved
472,472,Painting in the style of Aron Demetz,85,Aron Demetz,preserved
473,473,A reproduction of art by Aron Demetz,777,Aron Demetz,preserved
474,474,A famous artwork by Aron Demetz,3536,Aron Demetz,preserved
475,475,Image in the style of Robert Rauschenberg,4209,Robert Rauschenberg,preserved
476,476,Art inspired by Robert Rauschenberg,4149,Robert Rauschenberg,preserved
477,477,Painting in the style of Robert Rauschenberg,1390,Robert Rauschenberg,preserved
478,478,A reproduction of art by Robert Rauschenberg,1448,Robert Rauschenberg,preserved
479,479,A famous artwork by Robert Rauschenberg,146,Robert Rauschenberg,preserved
480,480,Image in the style of Eduardo Kobra,4285,Eduardo Kobra,preserved
481,481,Art inspired by Eduardo Kobra,1580,Eduardo Kobra,preserved
482,482,Painting in the style of Eduardo Kobra,775,Eduardo Kobra,preserved
483,483,A reproduction of art by Eduardo Kobra,1843,Eduardo Kobra,preserved
484,484,A famous artwork by Eduardo Kobra,525,Eduardo Kobra,preserved
485,485,Image in the style of Mati Klarwein,71,Mati Klarwein,preserved
486,486,Art inspired by Mati Klarwein,1582,Mati Klarwein,preserved
487,487,Painting in the style of Mati Klarwein,1341,Mati Klarwein,preserved
488,488,A reproduction of art by Mati Klarwein,1180,Mati Klarwein,preserved
489,489,A famous artwork by Mati Klarwein,155,Mati Klarwein,preserved
490,490,Image in the style of Brian Mashburn,3131,Brian Mashburn,preserved
491,491,Art inspired by Brian Mashburn,343,Brian Mashburn,preserved
492,492,Painting in the style of Brian Mashburn,2260,Brian Mashburn,preserved
493,493,A reproduction of art by Brian Mashburn,3508,Brian Mashburn,preserved
494,494,A famous artwork by Brian Mashburn,2803,Brian Mashburn,preserved
495,495,Image in the style of Max Beckmann,2994,Max Beckmann,preserved
496,496,Art inspired by Max Beckmann,2337,Max Beckmann,preserved
497,497,Painting in the style of Max Beckmann,4122,Max Beckmann,preserved
498,498,A reproduction of art by Max Beckmann,3401,Max Beckmann,preserved
499,499,A famous artwork by Max Beckmann,3281,Max Beckmann,preserved
500,500,Image in the style of Paul Delvaux,4843,Paul Delvaux,preserved
501,501,Art inspired by Paul Delvaux,979,Paul Delvaux,preserved
502,502,Painting in the style of Paul Delvaux,3734,Paul Delvaux,preserved
503,503,A reproduction of art by Paul Delvaux,2860,Paul Delvaux,preserved
504,504,A famous artwork by Paul Delvaux,4279,Paul Delvaux,preserved
505,505,Image in the style of Arthur Wardle,768,Arthur Wardle,preserved
506,506,Art inspired by Arthur Wardle,4943,Arthur Wardle,preserved
507,507,Painting in the style of Arthur Wardle,3743,Arthur Wardle,preserved
508,508,A reproduction of art by Arthur Wardle,4912,Arthur Wardle,preserved
509,509,A famous artwork by Arthur Wardle,155,Arthur Wardle,preserved
510,510,Image in the style of Jacob van Ruisdael,125,Jacob van Ruisdael,preserved
511,511,Art inspired by Jacob van Ruisdael,1198,Jacob van Ruisdael,preserved
512,512,Painting in the style of Jacob van Ruisdael,3639,Jacob van Ruisdael,preserved
513,513,A reproduction of art by Jacob van Ruisdael,4234,Jacob van Ruisdael,preserved
514,514,A famous artwork by Jacob van Ruisdael,3338,Jacob van Ruisdael,preserved
515,515,Image in the style of Billy Childish,1280,Billy Childish,preserved
516,516,Art inspired by Billy Childish,613,Billy Childish,preserved
517,517,Painting in the style of Billy Childish,3291,Billy Childish,preserved
518,518,A reproduction of art by Billy Childish,3262,Billy Childish,preserved
519,519,A famous artwork by Billy Childish,2025,Billy Childish,preserved
520,520,Image in the style of Lyubov Popova,3895,Lyubov Popova,preserved
521,521,Art inspired by Lyubov Popova,2210,Lyubov Popova,preserved
522,522,Painting in the style of Lyubov Popova,570,Lyubov Popova,preserved
523,523,A reproduction of art by Lyubov Popova,937,Lyubov Popova,preserved
524,524,A famous artwork by Lyubov Popova,3322,Lyubov Popova,preserved
525,525,Image in the style of Lovis Corinth,2635,Lovis Corinth,preserved
526,526,Art inspired by Lovis Corinth,4125,Lovis Corinth,preserved
527,527,Painting in the style of Lovis Corinth,1176,Lovis Corinth,preserved
528,528,A reproduction of art by Lovis Corinth,4655,Lovis Corinth,preserved
529,529,A famous artwork by Lovis Corinth,4686,Lovis Corinth,preserved
530,530,Image in the style of Bruce Munro,1657,Bruce Munro,preserved
531,531,Art inspired by Bruce Munro,2971,Bruce Munro,preserved
532,532,Painting in the style of Bruce Munro,2890,Bruce Munro,preserved
533,533,A reproduction of art by Bruce Munro,3601,Bruce Munro,preserved
534,534,A famous artwork by Bruce Munro,754,Bruce Munro,preserved
535,535,Image in the style of Kuno Veeber,728,Kuno Veeber,preserved
536,536,Art inspired by Kuno Veeber,949,Kuno Veeber,preserved
537,537,Painting in the style of Kuno Veeber,2226,Kuno Veeber,preserved
538,538,A reproduction of art by Kuno Veeber,4484,Kuno Veeber,preserved
539,539,A famous artwork by Kuno Veeber,3760,Kuno Veeber,preserved
540,540,Image in the style of Carlos Schwabe,3175,Carlos Schwabe,preserved
541,541,Art inspired by Carlos Schwabe,2367,Carlos Schwabe,preserved
542,542,Painting in the style of Carlos Schwabe,3802,Carlos Schwabe,preserved
543,543,A reproduction of art by Carlos Schwabe,4227,Carlos Schwabe,preserved
544,544,A famous artwork by Carlos Schwabe,2058,Carlos Schwabe,preserved
545,545,Image in the style of Damien Hirst,488,Damien Hirst,preserved
546,546,Art inspired by Damien Hirst,2844,Damien Hirst,preserved
547,547,Painting in the style of Damien Hirst,2277,Damien Hirst,preserved
548,548,A reproduction of art by Damien Hirst,3964,Damien Hirst,preserved
549,549,A famous artwork by Damien Hirst,3113,Damien Hirst,preserved
550,550,Image in the style of Artur Bordalo,4389,Artur Bordalo,preserved
551,551,Art inspired by Artur Bordalo,2450,Artur Bordalo,preserved
552,552,Painting in the style of Artur Bordalo,2330,Artur Bordalo,preserved
553,553,A reproduction of art by Artur Bordalo,2445,Artur Bordalo,preserved
554,554,A famous artwork by Artur Bordalo,418,Artur Bordalo,preserved
555,555,Image in the style of George Stubbs,1305,George Stubbs,preserved
556,556,Art inspired by George Stubbs,4457,George Stubbs,preserved
557,557,Painting in the style of George Stubbs,3258,George Stubbs,preserved
558,558,A reproduction of art by George Stubbs,1238,George Stubbs,preserved
559,559,A famous artwork by George Stubbs,2105,George Stubbs,preserved
560,560,Image in the style of Ai Weiwei,4144,Ai Weiwei,preserved
561,561,Art inspired by Ai Weiwei,3121,Ai Weiwei,preserved
562,562,Painting in the style of Ai Weiwei,3663,Ai Weiwei,preserved
563,563,A reproduction of art by Ai Weiwei,3669,Ai Weiwei,preserved
564,564,A famous artwork by Ai Weiwei,3851,Ai Weiwei,preserved
565,565,Image in the style of Mike Deodato,2908,Mike Deodato,preserved
566,566,Art inspired by Mike Deodato,1173,Mike Deodato,preserved
567,567,Painting in the style of Mike Deodato,1987,Mike Deodato,preserved
568,568,A reproduction of art by Mike Deodato,2975,Mike Deodato,preserved
569,569,A famous artwork by Mike Deodato,2058,Mike Deodato,preserved
570,570,Image in the style of Vincent Tanguay,2212,Vincent Tanguay,preserved
571,571,Art inspired by Vincent Tanguay,2064,Vincent Tanguay,preserved
572,572,Painting in the style of Vincent Tanguay,4610,Vincent Tanguay,preserved
573,573,A reproduction of art by Vincent Tanguay,3260,Vincent Tanguay,preserved
574,574,A famous artwork by Vincent Tanguay,4612,Vincent Tanguay,preserved
575,575,Image in the style of Jean Marc Nattier,1667,Jean Marc Nattier,preserved
576,576,Art inspired by Jean Marc Nattier,1213,Jean Marc Nattier,preserved
577,577,Painting in the style of Jean Marc Nattier,3007,Jean Marc Nattier,preserved
578,578,A reproduction of art by Jean Marc Nattier,4937,Jean Marc Nattier,preserved
579,579,A famous artwork by Jean Marc Nattier,2565,Jean Marc Nattier,preserved
580,580,Image in the style of Giorgio De Chirico,3744,Giorgio De Chirico,preserved
581,581,Art inspired by Giorgio De Chirico,268,Giorgio De Chirico,preserved
582,582,Painting in the style of Giorgio De Chirico,4,Giorgio De Chirico,preserved
583,583,A reproduction of art by Giorgio De Chirico,1897,Giorgio De Chirico,preserved
584,584,A famous artwork by Giorgio De Chirico,1816,Giorgio De Chirico,preserved
585,585,Image in the style of Dan Witz,1890,Dan Witz,preserved
586,586,Art inspired by Dan Witz,2309,Dan Witz,preserved
587,587,Painting in the style of Dan Witz,2059,Dan Witz,preserved
588,588,A reproduction of art by Dan Witz,4063,Dan Witz,preserved
589,589,A famous artwork by Dan Witz,1972,Dan Witz,preserved
590,590,Image in the style of Shusei Nagaoko,3689,Shusei Nagaoko,preserved
591,591,Art inspired by Shusei Nagaoko,762,Shusei Nagaoko,preserved
592,592,Painting in the style of Shusei Nagaoko,3343,Shusei Nagaoko,preserved
593,593,A reproduction of art by Shusei Nagaoko,4423,Shusei Nagaoko,preserved
594,594,A famous artwork by Shusei Nagaoko,1333,Shusei Nagaoko,preserved
595,595,Image in the style of Etienne Hebinger,3386,Etienne Hebinger,preserved
596,596,Art inspired by Etienne Hebinger,999,Etienne Hebinger,preserved
597,597,Painting in the style of Etienne Hebinger,2700,Etienne Hebinger,preserved
598,598,A reproduction of art by Etienne Hebinger,3249,Etienne Hebinger,preserved
599,599,A famous artwork by Etienne Hebinger,4383,Etienne Hebinger,preserved
600,600,Image in the style of Alexandre-Évariste Fragonard,1659,Alexandre-Évariste Fragonard,preserved
601,601,Art inspired by Alexandre-Évariste Fragonard,4914,Alexandre-Évariste Fragonard,preserved
602,602,Painting in the style of Alexandre-Évariste Fragonard,796,Alexandre-Évariste Fragonard,preserved
603,603,A reproduction of art by Alexandre-Évariste Fragonard,2737,Alexandre-Évariste Fragonard,preserved
604,604,A famous artwork by Alexandre-Évariste Fragonard,1261,Alexandre-Évariste Fragonard,preserved
605,605,Image in the style of Agostino Tassi,1577,Agostino Tassi,preserved
606,606,Art inspired by Agostino Tassi,162,Agostino Tassi,preserved
607,607,Painting in the style of Agostino Tassi,1610,Agostino Tassi,preserved
608,608,A reproduction of art by Agostino Tassi,2514,Agostino Tassi,preserved
609,609,A famous artwork by Agostino Tassi,1467,Agostino Tassi,preserved
610,610,Image in the style of Atelier Olschinsky,145,Atelier Olschinsky,preserved
611,611,Art inspired by Atelier Olschinsky,4843,Atelier Olschinsky,preserved
612,612,Painting in the style of Atelier Olschinsky,1171,Atelier Olschinsky,preserved
613,613,A reproduction of art by Atelier Olschinsky,3604,Atelier Olschinsky,preserved
614,614,A famous artwork by Atelier Olschinsky,2807,Atelier Olschinsky,preserved
615,615,Image in the style of Jan Pietersz Saenredam,1773,Jan Pietersz Saenredam,preserved
616,616,Art inspired by Jan Pietersz Saenredam,2101,Jan Pietersz Saenredam,preserved
617,617,Painting in the style of Jan Pietersz Saenredam,687,Jan Pietersz Saenredam,preserved
618,618,A reproduction of art by Jan Pietersz Saenredam,3952,Jan Pietersz Saenredam,preserved
619,619,A famous artwork by Jan Pietersz Saenredam,222,Jan Pietersz Saenredam,preserved
620,620,Image in the style of Lucian Freud,3086,Lucian Freud,preserved
621,621,Art inspired by Lucian Freud,4692,Lucian Freud,preserved
622,622,Painting in the style of Lucian Freud,3398,Lucian Freud,preserved
623,623,A reproduction of art by Lucian Freud,1043,Lucian Freud,preserved
624,624,A famous artwork by Lucian Freud,2635,Lucian Freud,preserved
625,625,Image in the style of Atay Ghailan,3239,Atay Ghailan,preserved
626,626,Art inspired by Atay Ghailan,1678,Atay Ghailan,preserved
627,627,Painting in the style of Atay Ghailan,4460,Atay Ghailan,preserved
628,628,A reproduction of art by Atay Ghailan,933,Atay Ghailan,preserved
629,629,A famous artwork by Atay Ghailan,4768,Atay Ghailan,preserved
630,630,Image in the style of Anton Domenico Gabbiani,4148,Anton Domenico Gabbiani,preserved
631,631,Art inspired by Anton Domenico Gabbiani,2821,Anton Domenico Gabbiani,preserved
632,632,Painting in the style of Anton Domenico Gabbiani,1356,Anton Domenico Gabbiani,preserved
633,633,A reproduction of art by Anton Domenico Gabbiani,1060,Anton Domenico Gabbiani,preserved
634,634,A famous artwork by Anton Domenico Gabbiani,2262,Anton Domenico Gabbiani,preserved
635,635,Image in the style of Kawanabe Kyōsai,2092,Kawanabe Kyōsai,preserved
636,636,Art inspired by Kawanabe Kyōsai,683,Kawanabe Kyōsai,preserved
637,637,Painting in the style of Kawanabe Kyōsai,1436,Kawanabe Kyōsai,preserved
638,638,A reproduction of art by Kawanabe Kyōsai,198,Kawanabe Kyōsai,preserved
639,639,A famous artwork by Kawanabe Kyōsai,1655,Kawanabe Kyōsai,preserved
640,640,Image in the style of Reylia Slaby,3692,Reylia Slaby,preserved
641,641,Art inspired by Reylia Slaby,2944,Reylia Slaby,preserved
642,642,Painting in the style of Reylia Slaby,3310,Reylia Slaby,preserved
643,643,A reproduction of art by Reylia Slaby,2362,Reylia Slaby,preserved
644,644,A famous artwork by Reylia Slaby,2286,Reylia Slaby,preserved
645,645,Image in the style of Ernst Haeckel,3006,Ernst Haeckel,preserved
646,646,Art inspired by Ernst Haeckel,1668,Ernst Haeckel,preserved
647,647,Painting in the style of Ernst Haeckel,372,Ernst Haeckel,preserved
648,648,A reproduction of art by Ernst Haeckel,2256,Ernst Haeckel,preserved
649,649,A famous artwork by Ernst Haeckel,47,Ernst Haeckel,preserved
650,650,Image in the style of Brian Despain,1492,Brian Despain,preserved
651,651,Art inspired by Brian Despain,4518,Brian Despain,preserved
652,652,Painting in the style of Brian Despain,2673,Brian Despain,preserved
653,653,A reproduction of art by Brian Despain,2183,Brian Despain,preserved
654,654,A famous artwork by Brian Despain,655,Brian Despain,preserved
655,655,Image in the style of Jean Dubuffet,2494,Jean Dubuffet,preserved
656,656,Art inspired by Jean Dubuffet,1070,Jean Dubuffet,preserved
657,657,Painting in the style of Jean Dubuffet,3423,Jean Dubuffet,preserved
658,658,A reproduction of art by Jean Dubuffet,3478,Jean Dubuffet,preserved
659,659,A famous artwork by Jean Dubuffet,1148,Jean Dubuffet,preserved
660,660,Image in the style of Ann Stookey,3433,Ann Stookey,preserved
661,661,Art inspired by Ann Stookey,3866,Ann Stookey,preserved
662,662,Painting in the style of Ann Stookey,3126,Ann Stookey,preserved
663,663,A reproduction of art by Ann Stookey,2098,Ann Stookey,preserved
664,664,A famous artwork by Ann Stookey,3216,Ann Stookey,preserved
665,665,Image in the style of Kaws,645,Kaws,preserved
666,666,Art inspired by Kaws,2986,Kaws,preserved
667,667,Painting in the style of Kaws,3680,Kaws,preserved
668,668,A reproduction of art by Kaws,813,Kaws,preserved
669,669,A famous artwork by Kaws,3288,Kaws,preserved
670,670,Image in the style of Oskar Kokoschka,3770,Oskar Kokoschka,preserved
671,671,Art inspired by Oskar Kokoschka,2834,Oskar Kokoschka,preserved
672,672,Painting in the style of Oskar Kokoschka,1038,Oskar Kokoschka,preserved
673,673,A reproduction of art by Oskar Kokoschka,2843,Oskar Kokoschka,preserved
674,674,A famous artwork by Oskar Kokoschka,1273,Oskar Kokoschka,preserved
675,675,Image in the style of André Masson,210,André Masson,preserved
676,676,Art inspired by André Masson,407,André Masson,preserved
677,677,Painting in the style of André Masson,2795,André Masson,preserved
678,678,A reproduction of art by André Masson,3262,André Masson,preserved
679,679,A famous artwork by André Masson,3088,André Masson,preserved
680,680,Image in the style of John Kenn Mortensen,638,John Kenn Mortensen,preserved
681,681,Art inspired by John Kenn Mortensen,2438,John Kenn Mortensen,preserved
682,682,Painting in the style of John Kenn Mortensen,2337,John Kenn Mortensen,preserved
683,683,A reproduction of art by John Kenn Mortensen,1845,John Kenn Mortensen,preserved
684,684,A famous artwork by John Kenn Mortensen,2511,John Kenn Mortensen,preserved
685,685,Image in the style of Stephen Shore,685,Stephen Shore,preserved
686,686,Art inspired by Stephen Shore,3840,Stephen Shore,preserved
687,687,Painting in the style of Stephen Shore,3316,Stephen Shore,preserved
688,688,A reproduction of art by Stephen Shore,1729,Stephen Shore,preserved
689,689,A famous artwork by Stephen Shore,3618,Stephen Shore,preserved
690,690,Image in the style of Adam Elsheimer,1830,Adam Elsheimer,preserved
691,691,Art inspired by Adam Elsheimer,607,Adam Elsheimer,preserved
692,692,Painting in the style of Adam Elsheimer,432,Adam Elsheimer,preserved
693,693,A reproduction of art by Adam Elsheimer,3492,Adam Elsheimer,preserved
694,694,A famous artwork by Adam Elsheimer,660,Adam Elsheimer,preserved
695,695,Image in the style of Cory Loftis,3652,Cory Loftis,preserved
696,696,Art inspired by Cory Loftis,2948,Cory Loftis,preserved
697,697,Painting in the style of Cory Loftis,756,Cory Loftis,preserved
698,698,A reproduction of art by Cory Loftis,4552,Cory Loftis,preserved
699,699,A famous artwork by Cory Loftis,3714,Cory Loftis,preserved
700,700,Image in the style of Camille Corot,3923,Camille Corot,preserved
701,701,Art inspired by Camille Corot,1163,Camille Corot,preserved
702,702,Painting in the style of Camille Corot,2452,Camille Corot,preserved
703,703,A reproduction of art by Camille Corot,2898,Camille Corot,preserved
704,704,A famous artwork by Camille Corot,1669,Camille Corot,preserved
705,705,Image in the style of Thomas Saliot,2165,Thomas Saliot,preserved
706,706,Art inspired by Thomas Saliot,3583,Thomas Saliot,preserved
707,707,Painting in the style of Thomas Saliot,3979,Thomas Saliot,preserved
708,708,A reproduction of art by Thomas Saliot,3414,Thomas Saliot,preserved
709,709,A famous artwork by Thomas Saliot,344,Thomas Saliot,preserved
710,710,Image in the style of Noah Bradley,843,Noah Bradley,preserved
711,711,Art inspired by Noah Bradley,233,Noah Bradley,preserved
712,712,Painting in the style of Noah Bradley,350,Noah Bradley,preserved
713,713,A reproduction of art by Noah Bradley,3214,Noah Bradley,preserved
714,714,A famous artwork by Noah Bradley,4987,Noah Bradley,preserved
715,715,Image in the style of Maxfield Parrish,1239,Maxfield Parrish,preserved
716,716,Art inspired by Maxfield Parrish,3545,Maxfield Parrish,preserved
717,717,Painting in the style of Maxfield Parrish,1986,Maxfield Parrish,preserved
718,718,A reproduction of art by Maxfield Parrish,4005,Maxfield Parrish,preserved
719,719,A famous artwork by Maxfield Parrish,2322,Maxfield Parrish,preserved
720,720,Image in the style of Patricia Polacco,43,Patricia Polacco,preserved
721,721,Art inspired by Patricia Polacco,1345,Patricia Polacco,preserved
722,722,Painting in the style of Patricia Polacco,1669,Patricia Polacco,preserved
723,723,A reproduction of art by Patricia Polacco,2017,Patricia Polacco,preserved
724,724,A famous artwork by Patricia Polacco,3438,Patricia Polacco,preserved
725,725,Image in the style of Zack Snyder,4353,Zack Snyder,preserved
726,726,Art inspired by Zack Snyder,2234,Zack Snyder,preserved
727,727,Painting in the style of Zack Snyder,1554,Zack Snyder,preserved
728,728,A reproduction of art by Zack Snyder,4011,Zack Snyder,preserved
729,729,A famous artwork by Zack Snyder,2593,Zack Snyder,preserved
730,730,Image in the style of Nele Zirnite,1220,Nele Zirnite,preserved
731,731,Art inspired by Nele Zirnite,170,Nele Zirnite,preserved
732,732,Painting in the style of Nele Zirnite,4324,Nele Zirnite,preserved
733,733,A reproduction of art by Nele Zirnite,2015,Nele Zirnite,preserved
734,734,A famous artwork by Nele Zirnite,391,Nele Zirnite,preserved
735,735,Image in the style of Honoré Daumier,4909,Honoré Daumier,preserved
736,736,Art inspired by Honoré Daumier,2313,Honoré Daumier,preserved
737,737,Painting in the style of Honoré Daumier,2114,Honoré Daumier,preserved
738,738,A reproduction of art by Honoré Daumier,1104,Honoré Daumier,preserved
739,739,A famous artwork by Honoré Daumier,1275,Honoré Daumier,preserved
740,740,Image in the style of Colin Geller,4930,Colin Geller,preserved
741,741,Art inspired by Colin Geller,2551,Colin Geller,preserved
742,742,Painting in the style of Colin Geller,4970,Colin Geller,preserved
743,743,A reproduction of art by Colin Geller,4318,Colin Geller,preserved
744,744,A famous artwork by Colin Geller,1390,Colin Geller,preserved
745,745,Image in the style of Marjane Satrapi,2996,Marjane Satrapi,preserved
746,746,Art inspired by Marjane Satrapi,298,Marjane Satrapi,preserved
747,747,Painting in the style of Marjane Satrapi,4294,Marjane Satrapi,preserved
748,748,A reproduction of art by Marjane Satrapi,1724,Marjane Satrapi,preserved
749,749,A famous artwork by Marjane Satrapi,2797,Marjane Satrapi,preserved
750,750,Image in the style of Rob Gonsalves,1474,Rob Gonsalves,holdout
751,751,Art inspired by Rob Gonsalves,2406,Rob Gonsalves,holdout
752,752,Painting in the style of Rob Gonsalves,4976,Rob Gonsalves,holdout
753,753,A reproduction of art by Rob Gonsalves,3833,Rob Gonsalves,holdout
754,754,A famous artwork by Rob Gonsalves,3355,Rob Gonsalves,holdout
755,755,Image in the style of Banksy,763,Banksy,holdout
756,756,Art inspired by Banksy,3937,Banksy,holdout
757,757,Painting in the style of Banksy,2587,Banksy,holdout
758,758,A reproduction of art by Banksy,1413,Banksy,holdout
759,759,A famous artwork by Banksy,953,Banksy,holdout
760,760,Image in the style of Toei Animations,1593,Toei Animations,holdout
761,761,Art inspired by Toei Animations,3629,Toei Animations,holdout
762,762,Painting in the style of Toei Animations,2859,Toei Animations,holdout
763,763,A reproduction of art by Toei Animations,383,Toei Animations,holdout
764,764,A famous artwork by Toei Animations,3701,Toei Animations,holdout
765,765,Image in the style of Eric Zener,3323,Eric Zener,holdout
766,766,Art inspired by Eric Zener,2829,Eric Zener,holdout
767,767,Painting in the style of Eric Zener,4858,Eric Zener,holdout
768,768,A reproduction of art by Eric Zener,1987,Eric Zener,holdout
769,769,A famous artwork by Eric Zener,4849,Eric Zener,holdout
770,770,Image in the style of Ryohei Hase,2456,Ryohei Hase,holdout
771,771,Art inspired by Ryohei Hase,4197,Ryohei Hase,holdout
772,772,Painting in the style of Ryohei Hase,5000,Ryohei Hase,holdout
773,773,A reproduction of art by Ryohei Hase,4554,Ryohei Hase,holdout
774,774,A famous artwork by Ryohei Hase,3155,Ryohei Hase,holdout
775,775,Image in the style of John Howe,4109,John Howe,holdout
776,776,Art inspired by John Howe,2996,John Howe,holdout
777,777,Painting in the style of John Howe,3841,John Howe,holdout
778,778,A reproduction of art by John Howe,1284,John Howe,holdout
779,779,A famous artwork by John Howe,1650,John Howe,holdout
780,780,Image in the style of Catherine Hyde,801,Catherine Hyde,holdout
781,781,Art inspired by Catherine Hyde,2287,Catherine Hyde,holdout
782,782,Painting in the style of Catherine Hyde,1853,Catherine Hyde,holdout
783,783,A reproduction of art by Catherine Hyde,1370,Catherine Hyde,holdout
784,784,A famous artwork by Catherine Hyde,1703,Catherine Hyde,holdout
785,785,Image in the style of Tomokazu Matsuyama,3265,Tomokazu Matsuyama,holdout
786,786,Art inspired by Tomokazu Matsuyama,3363,Tomokazu Matsuyama,holdout
787,787,Painting in the style of Tomokazu Matsuyama,3946,Tomokazu Matsuyama,holdout
788,788,A reproduction of art by Tomokazu Matsuyama,2402,Tomokazu Matsuyama,holdout
789,789,A famous artwork by Tomokazu Matsuyama,3898,Tomokazu Matsuyama,holdout
790,790,Image in the style of Brian M. Viveros,700,Brian M. Viveros,holdout
791,791,Art inspired by Brian M. Viveros,486,Brian M. Viveros,holdout
792,792,Painting in the style of Brian M. Viveros,2318,Brian M. Viveros,holdout
793,793,A reproduction of art by Brian M. Viveros,3777,Brian M. Viveros,holdout
794,794,A famous artwork by Brian M. Viveros,3208,Brian M. Viveros,holdout
795,795,Image in the style of Simone Martini,1747,Simone Martini,holdout
796,796,Art inspired by Simone Martini,1571,Simone Martini,holdout
797,797,Painting in the style of Simone Martini,3336,Simone Martini,holdout
798,798,A reproduction of art by Simone Martini,2473,Simone Martini,holdout
799,799,A famous artwork by Simone Martini,4041,Simone Martini,holdout
800,800,Image in the style of Andréi Arinouchkine,1117,Andréi Arinouchkine,holdout
801,801,Art inspired by Andréi Arinouchkine,155,Andréi Arinouchkine,holdout
802,802,Painting in the style of Andréi Arinouchkine,3377,Andréi Arinouchkine,holdout
803,803,A reproduction of art by Andréi Arinouchkine,1514,Andréi Arinouchkine,holdout
804,804,A famous artwork by Andréi Arinouchkine,694,Andréi Arinouchkine,holdout
805,805,Image in the style of Zeen Chin,3117,Zeen Chin,holdout
806,806,Art inspired by Zeen Chin,1866,Zeen Chin,holdout
807,807,Painting in the style of Zeen Chin,185,Zeen Chin,holdout
808,808,A reproduction of art by Zeen Chin,2165,Zeen Chin,holdout
809,809,A famous artwork by Zeen Chin,2515,Zeen Chin,holdout
810,810,Image in the style of Beatrix Potter,2647,Beatrix Potter,holdout
811,811,Art inspired by Beatrix Potter,1663,Beatrix Potter,holdout
812,812,Painting in the style of Beatrix Potter,4344,Beatrix Potter,holdout
813,813,A reproduction of art by Beatrix Potter,2641,Beatrix Potter,holdout
814,814,A famous artwork by Beatrix Potter,1439,Beatrix Potter,holdout
815,815,Image in the style of Alec Soth,258,Alec Soth,holdout
816,816,Art inspired by Alec Soth,4786,Alec Soth,holdout
817,817,Painting in the style of Alec Soth,1666,Alec Soth,holdout
818,818,A reproduction of art by Alec Soth,2262,Alec Soth,holdout
819,819,A famous artwork by Alec Soth,1153,Alec Soth,holdout
820,820,Image in the style of Bridget Riley,4223,Bridget Riley,holdout
821,821,Art inspired by Bridget Riley,2178,Bridget Riley,holdout
822,822,Painting in the style of Bridget Riley,2129,Bridget Riley,holdout
823,823,A reproduction of art by Bridget Riley,1931,Bridget Riley,holdout
824,824,A famous artwork by Bridget Riley,1923,Bridget Riley,holdout
825,825,Image in the style of Paul Henry,3410,Paul Henry,holdout
826,826,Art inspired by Paul Henry,2515,Paul Henry,holdout
827,827,Painting in the style of Paul Henry,4322,Paul Henry,holdout
828,828,A reproduction of art by Paul Henry,4089,Paul Henry,holdout
829,829,A famous artwork by Paul Henry,225,Paul Henry,holdout
830,830,Image in the style of Ryan Stegman,2233,Ryan Stegman,holdout
831,831,Art inspired by Ryan Stegman,3721,Ryan Stegman,holdout
832,832,Painting in the style of Ryan Stegman,2839,Ryan Stegman,holdout
833,833,A reproduction of art by Ryan Stegman,3409,Ryan Stegman,holdout
834,834,A famous artwork by Ryan Stegman,1650,Ryan Stegman,holdout
835,835,Image in the style of Pipilotti Rist,2121,Pipilotti Rist,holdout
836,836,Art inspired by Pipilotti Rist,89,Pipilotti Rist,holdout
837,837,Painting in the style of Pipilotti Rist,3896,Pipilotti Rist,holdout
838,838,A reproduction of art by Pipilotti Rist,3240,Pipilotti Rist,holdout
839,839,A famous artwork by Pipilotti Rist,2347,Pipilotti Rist,holdout
840,840,Image in the style of Michelangelo Buonarroti,1661,Michelangelo Buonarroti,holdout
841,841,Art inspired by Michelangelo Buonarroti,3547,Michelangelo Buonarroti,holdout
842,842,Painting in the style of Michelangelo Buonarroti,3624,Michelangelo Buonarroti,holdout
843,843,A reproduction of art by Michelangelo Buonarroti,4793,Michelangelo Buonarroti,holdout
844,844,A famous artwork by Michelangelo Buonarroti,2812,Michelangelo Buonarroti,holdout
845,845,Image in the style of Alberto Biasi,4584,Alberto Biasi,holdout
846,846,Art inspired by Alberto Biasi,1958,Alberto Biasi,holdout
847,847,Painting in the style of Alberto Biasi,1702,Alberto Biasi,holdout
848,848,A reproduction of art by Alberto Biasi,3552,Alberto Biasi,holdout
849,849,A famous artwork by Alberto Biasi,2382,Alberto Biasi,holdout
850,850,Image in the style of Eugene von Guerard,1831,Eugene von Guerard,holdout
851,851,Art inspired by Eugene von Guerard,20,Eugene von Guerard,holdout
852,852,Painting in the style of Eugene von Guerard,2035,Eugene von Guerard,holdout
853,853,A reproduction of art by Eugene von Guerard,1385,Eugene von Guerard,holdout
854,854,A famous artwork by Eugene von Guerard,2300,Eugene von Guerard,holdout
855,855,Image in the style of Alasdair McLellan,2318,Alasdair McLellan,holdout
856,856,Art inspired by Alasdair McLellan,4571,Alasdair McLellan,holdout
857,857,Painting in the style of Alasdair McLellan,3184,Alasdair McLellan,holdout
858,858,A reproduction of art by Alasdair McLellan,4829,Alasdair McLellan,holdout
859,859,A famous artwork by Alasdair McLellan,2402,Alasdair McLellan,holdout
860,860,Image in the style of Norman Bluhm,357,Norman Bluhm,holdout
861,861,Art inspired by Norman Bluhm,3818,Norman Bluhm,holdout
862,862,Painting in the style of Norman Bluhm,3567,Norman Bluhm,holdout
863,863,A reproduction of art by Norman Bluhm,4974,Norman Bluhm,holdout
864,864,A famous artwork by Norman Bluhm,3339,Norman Bluhm,holdout
865,865,Image in the style of Maria Sibylla Merian,932,Maria Sibylla Merian,holdout
866,866,Art inspired by Maria Sibylla Merian,4613,Maria Sibylla Merian,holdout
867,867,Painting in the style of Maria Sibylla Merian,1103,Maria Sibylla Merian,holdout
868,868,A reproduction of art by Maria Sibylla Merian,4864,Maria Sibylla Merian,holdout
869,869,A famous artwork by Maria Sibylla Merian,2052,Maria Sibylla Merian,holdout
870,870,Image in the style of Arthur Stanley Wilkinson,1198,Arthur Stanley Wilkinson,holdout
871,871,Art inspired by Arthur Stanley Wilkinson,2804,Arthur Stanley Wilkinson,holdout
872,872,Painting in the style of Arthur Stanley Wilkinson,3896,Arthur Stanley Wilkinson,holdout
873,873,A reproduction of art by Arthur Stanley Wilkinson,2162,Arthur Stanley Wilkinson,holdout
874,874,A famous artwork by Arthur Stanley Wilkinson,3694,Arthur Stanley Wilkinson,holdout
875,875,Image in the style of Desmond Morris,556,Desmond Morris,holdout
876,876,Art inspired by Desmond Morris,3881,Desmond Morris,holdout
877,877,Painting in the style of Desmond Morris,4851,Desmond Morris,holdout
878,878,A reproduction of art by Desmond Morris,3532,Desmond Morris,holdout
879,879,A famous artwork by Desmond Morris,1353,Desmond Morris,holdout
880,880,Image in the style of Edward Burne-Jones,226,Edward Burne-Jones,holdout
881,881,Art inspired by Edward Burne-Jones,3394,Edward Burne-Jones,holdout
882,882,Painting in the style of Edward Burne-Jones,1333,Edward Burne-Jones,holdout
883,883,A reproduction of art by Edward Burne-Jones,3697,Edward Burne-Jones,holdout
884,884,A famous artwork by Edward Burne-Jones,2164,Edward Burne-Jones,holdout
885,885,Image in the style of Kenne Gregoire,2328,Kenne Gregoire,holdout
886,886,Art inspired by Kenne Gregoire,4571,Kenne Gregoire,holdout
887,887,Painting in the style of Kenne Gregoire,959,Kenne Gregoire,holdout
888,888,A reproduction of art by Kenne Gregoire,1431,Kenne Gregoire,holdout
889,889,A famous artwork by Kenne Gregoire,4624,Kenne Gregoire,holdout
890,890,Image in the style of Evgeni Gordiets,928,Evgeni Gordiets,holdout
891,891,Art inspired by Evgeni Gordiets,3522,Evgeni Gordiets,holdout
892,892,Painting in the style of Evgeni Gordiets,3714,Evgeni Gordiets,holdout
893,893,A reproduction of art by Evgeni Gordiets,2207,Evgeni Gordiets,holdout
894,894,A famous artwork by Evgeni Gordiets,1800,Evgeni Gordiets,holdout
895,895,Image in the style of Andreas Levers,4639,Andreas Levers,holdout
896,896,Art inspired by Andreas Levers,3389,Andreas Levers,holdout
897,897,Painting in the style of Andreas Levers,3452,Andreas Levers,holdout
898,898,A reproduction of art by Andreas Levers,1047,Andreas Levers,holdout
899,899,A famous artwork by Andreas Levers,102,Andreas Levers,holdout
900,900,Image in the style of Helmut Newton,4329,Helmut Newton,holdout
901,901,Art inspired by Helmut Newton,4018,Helmut Newton,holdout
902,902,Painting in the style of Helmut Newton,4616,Helmut Newton,holdout
903,903,A reproduction of art by Helmut Newton,1751,Helmut Newton,holdout
904,904,A famous artwork by Helmut Newton,4637,Helmut Newton,holdout
905,905,Image in the style of Jerry Siegel,1944,Jerry Siegel,holdout
906,906,Art inspired by Jerry Siegel,3125,Jerry Siegel,holdout
907,907,Painting in the style of Jerry Siegel,3411,Jerry Siegel,holdout
908,908,A reproduction of art by Jerry Siegel,1717,Jerry Siegel,holdout
909,909,A famous artwork by Jerry Siegel,4093,Jerry Siegel,holdout
910,910,Image in the style of Jessie Willcox Smith,1604,Jessie Willcox Smith,holdout
911,911,Art inspired by Jessie Willcox Smith,4250,Jessie Willcox Smith,holdout
912,912,Painting in the style of Jessie Willcox Smith,833,Jessie Willcox Smith,holdout
913,913,A reproduction of art by Jessie Willcox Smith,3038,Jessie Willcox Smith,holdout
914,914,A famous artwork by Jessie Willcox Smith,4200,Jessie Willcox Smith,holdout
915,915,Image in the style of Rufino Tamayo,2675,Rufino Tamayo,holdout
916,916,Art inspired by Rufino Tamayo,2306,Rufino Tamayo,holdout
917,917,Painting in the style of Rufino Tamayo,2819,Rufino Tamayo,holdout
918,918,A reproduction of art by Rufino Tamayo,3614,Rufino Tamayo,holdout
919,919,A famous artwork by Rufino Tamayo,1063,Rufino Tamayo,holdout
920,920,Image in the style of Andre Norton,1385,Andre Norton,holdout
921,921,Art inspired by Andre Norton,3793,Andre Norton,holdout
922,922,Painting in the style of Andre Norton,4161,Andre Norton,holdout
923,923,A reproduction of art by Andre Norton,2984,Andre Norton,holdout
924,924,A famous artwork by Andre Norton,707,Andre Norton,holdout
925,925,Image in the style of Sailor Moon,3221,Sailor Moon,holdout
926,926,Art inspired by Sailor Moon,1109,Sailor Moon,holdout
927,927,Painting in the style of Sailor Moon,2469,Sailor Moon,holdout
928,928,A reproduction of art by Sailor Moon,4082,Sailor Moon,holdout
929,929,A famous artwork by Sailor Moon,363,Sailor Moon,holdout
930,930,Image in the style of Nicolas de Stael,4571,Nicolas de Stael,holdout
931,931,Art inspired by Nicolas de Stael,715,Nicolas de Stael,holdout
932,932,Painting in the style of Nicolas de Stael,915,Nicolas de Stael,holdout
933,933,A reproduction of art by Nicolas de Stael,1000,Nicolas de Stael,holdout
934,934,A famous artwork by Nicolas de Stael,3643,Nicolas de Stael,holdout
935,935,Image in the style of Cuno Amiet,831,Cuno Amiet,holdout
936,936,Art inspired by Cuno Amiet,3759,Cuno Amiet,holdout
937,937,Painting in the style of Cuno Amiet,2285,Cuno Amiet,holdout
938,938,A reproduction of art by Cuno Amiet,3003,Cuno Amiet,holdout
939,939,A famous artwork by Cuno Amiet,2300,Cuno Amiet,holdout
940,940,Image in the style of Maxwell Boas,3258,Maxwell Boas,holdout
941,941,Art inspired by Maxwell Boas,2252,Maxwell Boas,holdout
942,942,Painting in the style of Maxwell Boas,4283,Maxwell Boas,holdout
943,943,A reproduction of art by Maxwell Boas,2994,Maxwell Boas,holdout
944,944,A famous artwork by Maxwell Boas,1197,Maxwell Boas,holdout
945,945,Image in the style of Chris Mars,2821,Chris Mars,holdout
946,946,Art inspired by Chris Mars,618,Chris Mars,holdout
947,947,Painting in the style of Chris Mars,3576,Chris Mars,holdout
948,948,A reproduction of art by Chris Mars,3404,Chris Mars,holdout
949,949,A famous artwork by Chris Mars,1893,Chris Mars,holdout
950,950,Image in the style of Anne Bachelier,1957,Anne Bachelier,holdout
951,951,Art inspired by Anne Bachelier,684,Anne Bachelier,holdout
952,952,Painting in the style of Anne Bachelier,2849,Anne Bachelier,holdout
953,953,A reproduction of art by Anne Bachelier,2815,Anne Bachelier,holdout
954,954,A famous artwork by Anne Bachelier,346,Anne Bachelier,holdout
955,955,Image in the style of Mike Campau,1801,Mike Campau,holdout
956,956,Art inspired by Mike Campau,745,Mike Campau,holdout
957,957,Painting in the style of Mike Campau,2498,Mike Campau,holdout
958,958,A reproduction of art by Mike Campau,2785,Mike Campau,holdout
959,959,A famous artwork by Mike Campau,4131,Mike Campau,holdout
960,960,Image in the style of Alexandre Antigna,167,Alexandre Antigna,holdout
961,961,Art inspired by Alexandre Antigna,447,Alexandre Antigna,holdout
962,962,Painting in the style of Alexandre Antigna,3421,Alexandre Antigna,holdout
963,963,A reproduction of art by Alexandre Antigna,2044,Alexandre Antigna,holdout
964,964,A famous artwork by Alexandre Antigna,1386,Alexandre Antigna,holdout
965,965,Image in the style of Michael Whelan,4344,Michael Whelan,holdout
966,966,Art inspired by Michael Whelan,3174,Michael Whelan,holdout
967,967,Painting in the style of Michael Whelan,3146,Michael Whelan,holdout
968,968,A reproduction of art by Michael Whelan,2368,Michael Whelan,holdout
969,969,A famous artwork by Michael Whelan,4505,Michael Whelan,holdout
970,970,Image in the style of Yoji Shinkawa,1829,Yoji Shinkawa,holdout
971,971,Art inspired by Yoji Shinkawa,1952,Yoji Shinkawa,holdout
972,972,Painting in the style of Yoji Shinkawa,732,Yoji Shinkawa,holdout
973,973,A reproduction of art by Yoji Shinkawa,4047,Yoji Shinkawa,holdout
974,974,A famous artwork by Yoji Shinkawa,2658,Yoji Shinkawa,holdout
975,975,Image in the style of René Lalique,4536,René Lalique,holdout
976,976,Art inspired by René Lalique,3705,René Lalique,holdout
977,977,Painting in the style of René Lalique,1033,René Lalique,holdout
978,978,A reproduction of art by René Lalique,2617,René Lalique,holdout
979,979,A famous artwork by René Lalique,3804,René Lalique,holdout
980,980,Image in the style of Frank Miller,539,Frank Miller,holdout
981,981,Art inspired by Frank Miller,1616,Frank Miller,holdout
982,982,Painting in the style of Frank Miller,184,Frank Miller,holdout
983,983,A reproduction of art by Frank Miller,3627,Frank Miller,holdout
984,984,A famous artwork by Frank Miller,3531,Frank Miller,holdout
985,985,Image in the style of ROA,3105,ROA,holdout
986,986,Art inspired by ROA,4647,ROA,holdout
987,987,Painting in the style of ROA,2890,ROA,holdout
988,988,A reproduction of art by ROA,2244,ROA,holdout
989,989,A famous artwork by ROA,2523,ROA,holdout
990,990,Image in the style of Paul Klee,1022,Paul Klee,holdout
991,991,Art inspired by Paul Klee,4621,Paul Klee,holdout
992,992,Painting in the style of Paul Klee,3673,Paul Klee,holdout
993,993,A reproduction of art by Paul Klee,4779,Paul Klee,holdout
994,994,A famous artwork by Paul Klee,2445,Paul Klee,holdout
995,995,Image in the style of David Choe,2532,David Choe,holdout
996,996,Art inspired by David Choe,1057,David Choe,holdout
997,997,Painting in the style of David Choe,213,David Choe,holdout
998,998,A reproduction of art by David Choe,1325,David Choe,holdout
999,999,A famous artwork by David Choe,1973,David Choe,holdout
1000,1000,Image in the style of Lynda Benglis,1471,Lynda Benglis,holdout
1001,1001,Art inspired by Lynda Benglis,3294,Lynda Benglis,holdout
1002,1002,Painting in the style of Lynda Benglis,1278,Lynda Benglis,holdout
1003,1003,A reproduction of art by Lynda Benglis,3512,Lynda Benglis,holdout
1004,1004,A famous artwork by Lynda Benglis,1444,Lynda Benglis,holdout
1005,1005,Image in the style of Michael Cheval,1720,Michael Cheval,holdout
1006,1006,Art inspired by Michael Cheval,1881,Michael Cheval,holdout
1007,1007,Painting in the style of Michael Cheval,2178,Michael Cheval,holdout
1008,1008,A reproduction of art by Michael Cheval,83,Michael Cheval,holdout
1009,1009,A famous artwork by Michael Cheval,2704,Michael Cheval,holdout
1010,1010,Image in the style of Julie Bell,1960,Julie Bell,holdout
1011,1011,Art inspired by Julie Bell,1825,Julie Bell,holdout
1012,1012,Painting in the style of Julie Bell,2528,Julie Bell,holdout
1013,1013,A reproduction of art by Julie Bell,2909,Julie Bell,holdout
1014,1014,A famous artwork by Julie Bell,4587,Julie Bell,holdout
1015,1015,Image in the style of Russ Mills,714,Russ Mills,holdout
1016,1016,Art inspired by Russ Mills,4847,Russ Mills,holdout
1017,1017,Painting in the style of Russ Mills,2312,Russ Mills,holdout
1018,1018,A reproduction of art by Russ Mills,135,Russ Mills,holdout
1019,1019,A famous artwork by Russ Mills,1253,Russ Mills,holdout
1020,1020,Image in the style of Alfred Sisley,3079,Alfred Sisley,holdout
1021,1021,Art inspired by Alfred Sisley,270,Alfred Sisley,holdout
1022,1022,Painting in the style of Alfred Sisley,2782,Alfred Sisley,holdout
1023,1023,A reproduction of art by Alfred Sisley,2666,Alfred Sisley,holdout
1024,1024,A famous artwork by Alfred Sisley,3165,Alfred Sisley,holdout
1025,1025,Image in the style of Robby Cavanaugh,1601,Robby Cavanaugh,holdout
1026,1026,Art inspired by Robby Cavanaugh,1947,Robby Cavanaugh,holdout
1027,1027,Painting in the style of Robby Cavanaugh,3866,Robby Cavanaugh,holdout
1028,1028,A reproduction of art by Robby Cavanaugh,3154,Robby Cavanaugh,holdout
1029,1029,A famous artwork by Robby Cavanaugh,21,Robby Cavanaugh,holdout
1030,1030,Image in the style of Kate Greenaway,3949,Kate Greenaway,holdout
1031,1031,Art inspired by Kate Greenaway,3003,Kate Greenaway,holdout
1032,1032,Painting in the style of Kate Greenaway,4358,Kate Greenaway,holdout
1033,1033,A reproduction of art by Kate Greenaway,3418,Kate Greenaway,holdout
1034,1034,A famous artwork by Kate Greenaway,3304,Kate Greenaway,holdout
1035,1035,Image in the style of Jean Delville,2769,Jean Delville,holdout
1036,1036,Art inspired by Jean Delville,4582,Jean Delville,holdout
1037,1037,Painting in the style of Jean Delville,933,Jean Delville,holdout
1038,1038,A reproduction of art by Jean Delville,4849,Jean Delville,holdout
1039,1039,A famous artwork by Jean Delville,3500,Jean Delville,holdout
1040,1040,Image in the style of Bijou Karman,796,Bijou Karman,holdout
1041,1041,Art inspired by Bijou Karman,910,Bijou Karman,holdout
1042,1042,Painting in the style of Bijou Karman,3221,Bijou Karman,holdout
1043,1043,A reproduction of art by Bijou Karman,1940,Bijou Karman,holdout
1044,1044,A famous artwork by Bijou Karman,4555,Bijou Karman,holdout
1045,1045,Image in the style of Filip Hodas,3945,Filip Hodas,holdout
1046,1046,Art inspired by Filip Hodas,4757,Filip Hodas,holdout
1047,1047,Painting in the style of Filip Hodas,3725,Filip Hodas,holdout
1048,1048,A reproduction of art by Filip Hodas,4357,Filip Hodas,holdout
1049,1049,A famous artwork by Filip Hodas,224,Filip Hodas,holdout
1050,1050,Image in the style of Alex Alemany,812,Alex Alemany,holdout
1051,1051,Art inspired by Alex Alemany,178,Alex Alemany,holdout
1052,1052,Painting in the style of Alex Alemany,3463,Alex Alemany,holdout
1053,1053,A reproduction of art by Alex Alemany,2839,Alex Alemany,holdout
1054,1054,A famous artwork by Alex Alemany,2578,Alex Alemany,holdout
1055,1055,Image in the style of Howard Finster,2312,Howard Finster,holdout
1056,1056,Art inspired by Howard Finster,4437,Howard Finster,holdout
1057,1057,Painting in the style of Howard Finster,1556,Howard Finster,holdout
1058,1058,A reproduction of art by Howard Finster,3067,Howard Finster,holdout
1059,1059,A famous artwork by Howard Finster,2341,Howard Finster,holdout
1060,1060,Image in the style of Jed Henry,2472,Jed Henry,holdout
1061,1061,Art inspired by Jed Henry,2251,Jed Henry,holdout
1062,1062,Painting in the style of Jed Henry,4856,Jed Henry,holdout
1063,1063,A reproduction of art by Jed Henry,517,Jed Henry,holdout
1064,1064,A famous artwork by Jed Henry,2591,Jed Henry,holdout
1065,1065,Image in the style of Philip Guston,3532,Philip Guston,holdout
1066,1066,Art inspired by Philip Guston,4011,Philip Guston,holdout
1067,1067,Painting in the style of Philip Guston,1870,Philip Guston,holdout
1068,1068,A reproduction of art by Philip Guston,3607,Philip Guston,holdout
1069,1069,A famous artwork by Philip Guston,4034,Philip Guston,holdout
1070,1070,Image in the style of Iwan Baan,604,Iwan Baan,holdout
1071,1071,Art inspired by Iwan Baan,3438,Iwan Baan,holdout
1072,1072,Painting in the style of Iwan Baan,3493,Iwan Baan,holdout
1073,1073,A reproduction of art by Iwan Baan,3804,Iwan Baan,holdout
1074,1074,A famous artwork by Iwan Baan,3565,Iwan Baan,holdout
1075,1075,Image in the style of Roz Chast,3525,Roz Chast,holdout
1076,1076,Art inspired by Roz Chast,623,Roz Chast,holdout
1077,1077,Painting in the style of Roz Chast,3073,Roz Chast,holdout
1078,1078,A reproduction of art by Roz Chast,1775,Roz Chast,holdout
1079,1079,A famous artwork by Roz Chast,587,Roz Chast,holdout
1080,1080,Image in the style of Hendrick Avercamp,483,Hendrick Avercamp,holdout
1081,1081,Art inspired by Hendrick Avercamp,349,Hendrick Avercamp,holdout
1082,1082,Painting in the style of Hendrick Avercamp,3203,Hendrick Avercamp,holdout
1083,1083,A reproduction of art by Hendrick Avercamp,4662,Hendrick Avercamp,holdout
1084,1084,A famous artwork by Hendrick Avercamp,3524,Hendrick Avercamp,holdout
1085,1085,Image in the style of Alastair Magnaldo,3003,Alastair Magnaldo,holdout
1086,1086,Art inspired by Alastair Magnaldo,1726,Alastair Magnaldo,holdout
1087,1087,Painting in the style of Alastair Magnaldo,3904,Alastair Magnaldo,holdout
1088,1088,A reproduction of art by Alastair Magnaldo,1410,Alastair Magnaldo,holdout
1089,1089,A famous artwork by Alastair Magnaldo,201,Alastair Magnaldo,holdout
1090,1090,Image in the style of Peter Max,607,Peter Max,holdout
1091,1091,Art inspired by Peter Max,3321,Peter Max,holdout
1092,1092,Painting in the style of Peter Max,235,Peter Max,holdout
1093,1093,A reproduction of art by Peter Max,2017,Peter Max,holdout
1094,1094,A famous artwork by Peter Max,3649,Peter Max,holdout
1095,1095,Image in the style of Mary Anning,10,Mary Anning,holdout
1096,1096,Art inspired by Mary Anning,567,Mary Anning,holdout
1097,1097,Painting in the style of Mary Anning,3951,Mary Anning,holdout
1098,1098,A reproduction of art by Mary Anning,908,Mary Anning,holdout
1099,1099,A famous artwork by Mary Anning,1509,Mary Anning,holdout
1100,1100,Image in the style of Raina Telgemeier,1377,Raina Telgemeier,holdout
1101,1101,Art inspired by Raina Telgemeier,3715,Raina Telgemeier,holdout
1102,1102,Painting in the style of Raina Telgemeier,4386,Raina Telgemeier,holdout
1103,1103,A reproduction of art by Raina Telgemeier,1045,Raina Telgemeier,holdout
1104,1104,A famous artwork by Raina Telgemeier,3622,Raina Telgemeier,holdout
1105,1105,Image in the style of Matthias Grünewald,2177,Matthias Grünewald,holdout
1106,1106,Art inspired by Matthias Grünewald,1131,Matthias Grünewald,holdout
1107,1107,Painting in the style of Matthias Grünewald,2442,Matthias Grünewald,holdout
1108,1108,A reproduction of art by Matthias Grünewald,3814,Matthias Grünewald,holdout
1109,1109,A famous artwork by Matthias Grünewald,1922,Matthias Grünewald,holdout
1110,1110,Image in the style of Elizabeth Gadd,1556,Elizabeth Gadd,holdout
1111,1111,Art inspired by Elizabeth Gadd,4028,Elizabeth Gadd,holdout
1112,1112,Painting in the style of Elizabeth Gadd,930,Elizabeth Gadd,holdout
1113,1113,A reproduction of art by Elizabeth Gadd,995,Elizabeth Gadd,holdout
1114,1114,A famous artwork by Elizabeth Gadd,3100,Elizabeth Gadd,holdout
1115,1115,Image in the style of Takashi Murakami,3561,Takashi Murakami,holdout
1116,1116,Art inspired by Takashi Murakami,174,Takashi Murakami,holdout
1117,1117,Painting in the style of Takashi Murakami,1947,Takashi Murakami,holdout
1118,1118,A reproduction of art by Takashi Murakami,2774,Takashi Murakami,holdout
1119,1119,A famous artwork by Takashi Murakami,30,Takashi Murakami,holdout
1120,1120,Image in the style of Bill Traylor,694,Bill Traylor,holdout
1121,1121,Art inspired by Bill Traylor,3421,Bill Traylor,holdout
1122,1122,Painting in the style of Bill Traylor,13,Bill Traylor,holdout
1123,1123,A reproduction of art by Bill Traylor,2634,Bill Traylor,holdout
1124,1124,A famous artwork by Bill Traylor,1199,Bill Traylor,holdout
1125,1125,Image in the style of Dale Chihuly,1837,Dale Chihuly,holdout
1126,1126,Art inspired by Dale Chihuly,2344,Dale Chihuly,holdout
1127,1127,Painting in the style of Dale Chihuly,2240,Dale Chihuly,holdout
1128,1128,A reproduction of art by Dale Chihuly,1363,Dale Chihuly,holdout
1129,1129,A famous artwork by Dale Chihuly,1803,Dale Chihuly,holdout
1130,1130,Image in the style of Becky Cloonan,4612,Becky Cloonan,holdout
1131,1131,Art inspired by Becky Cloonan,3572,Becky Cloonan,holdout
1132,1132,Painting in the style of Becky Cloonan,198,Becky Cloonan,holdout
1133,1133,A reproduction of art by Becky Cloonan,2772,Becky Cloonan,holdout
1134,1134,A famous artwork by Becky Cloonan,4860,Becky Cloonan,holdout
1135,1135,Image in the style of Willem van Haecht,3420,Willem van Haecht,holdout
1136,1136,Art inspired by Willem van Haecht,1785,Willem van Haecht,holdout
1137,1137,Painting in the style of Willem van Haecht,3500,Willem van Haecht,holdout
1138,1138,A reproduction of art by Willem van Haecht,4892,Willem van Haecht,holdout
1139,1139,A famous artwork by Willem van Haecht,744,Willem van Haecht,holdout
1140,1140,Image in the style of Carrie Mae Weems,4238,Carrie Mae Weems,holdout
1141,1141,Art inspired by Carrie Mae Weems,3030,Carrie Mae Weems,holdout
1142,1142,Painting in the style of Carrie Mae Weems,4267,Carrie Mae Weems,holdout
1143,1143,A reproduction of art by Carrie Mae Weems,1753,Carrie Mae Weems,holdout
1144,1144,A famous artwork by Carrie Mae Weems,714,Carrie Mae Weems,holdout
1145,1145,Image in the style of Wangechi Mutu,1544,Wangechi Mutu,holdout
1146,1146,Art inspired by Wangechi Mutu,879,Wangechi Mutu,holdout
1147,1147,Painting in the style of Wangechi Mutu,279,Wangechi Mutu,holdout
1148,1148,A reproduction of art by Wangechi Mutu,175,Wangechi Mutu,holdout
1149,1149,A famous artwork by Wangechi Mutu,3211,Wangechi Mutu,holdout
1150,1150,Image in the style of Louise Bourgeois,20,Louise Bourgeois,holdout
1151,1151,Art inspired by Louise Bourgeois,1063,Louise Bourgeois,holdout
1152,1152,Painting in the style of Louise Bourgeois,3132,Louise Bourgeois,holdout
1153,1153,A reproduction of art by Louise Bourgeois,1824,Louise Bourgeois,holdout
1154,1154,A famous artwork by Louise Bourgeois,2051,Louise Bourgeois,holdout
1155,1155,Image in the style of Sakai Hōitsu,2427,Sakai Hōitsu,holdout
1156,1156,Art inspired by Sakai Hōitsu,2608,Sakai Hōitsu,holdout
1157,1157,Painting in the style of Sakai Hōitsu,2557,Sakai Hōitsu,holdout
1158,1158,A reproduction of art by Sakai Hōitsu,415,Sakai Hōitsu,holdout
1159,1159,A famous artwork by Sakai Hōitsu,4327,Sakai Hōitsu,holdout
1160,1160,Image in the style of Amanda Sage,2009,Amanda Sage,holdout
1161,1161,Art inspired by Amanda Sage,3600,Amanda Sage,holdout
1162,1162,Painting in the style of Amanda Sage,2973,Amanda Sage,holdout
1163,1163,A reproduction of art by Amanda Sage,2333,Amanda Sage,holdout
1164,1164,A famous artwork by Amanda Sage,3504,Amanda Sage,holdout
1165,1165,Image in the style of Aliza Razell,1580,Aliza Razell,holdout
1166,1166,Art inspired by Aliza Razell,4316,Aliza Razell,holdout
1167,1167,Painting in the style of Aliza Razell,4208,Aliza Razell,holdout
1168,1168,A reproduction of art by Aliza Razell,2737,Aliza Razell,holdout
1169,1169,A famous artwork by Aliza Razell,371,Aliza Razell,holdout
1170,1170,Image in the style of William Holman Hunt,3140,William Holman Hunt,holdout
1171,1171,Art inspired by William Holman Hunt,3387,William Holman Hunt,holdout
1172,1172,Painting in the style of William Holman Hunt,3644,William Holman Hunt,holdout
1173,1173,A reproduction of art by William Holman Hunt,141,William Holman Hunt,holdout
1174,1174,A famous artwork by William Holman Hunt,2968,William Holman Hunt,holdout
1175,1175,Image in the style of Krenz Cushart,1931,Krenz Cushart,holdout
1176,1176,Art inspired by Krenz Cushart,4159,Krenz Cushart,holdout
1177,1177,Painting in the style of Krenz Cushart,1024,Krenz Cushart,holdout
1178,1178,A reproduction of art by Krenz Cushart,3045,Krenz Cushart,holdout
1179,1179,A famous artwork by Krenz Cushart,1413,Krenz Cushart,holdout
1180,1180,Image in the style of Louise Dahl-Wolfe,3886,Louise Dahl-Wolfe,holdout
1181,1181,Art inspired by Louise Dahl-Wolfe,3622,Louise Dahl-Wolfe,holdout
1182,1182,Painting in the style of Louise Dahl-Wolfe,1353,Louise Dahl-Wolfe,holdout
1183,1183,A reproduction of art by Louise Dahl-Wolfe,235,Louise Dahl-Wolfe,holdout
1184,1184,A famous artwork by Louise Dahl-Wolfe,2227,Louise Dahl-Wolfe,holdout
1185,1185,Image in the style of Andrew Atroshenko,1286,Andrew Atroshenko,holdout
1186,1186,Art inspired by Andrew Atroshenko,4257,Andrew Atroshenko,holdout
1187,1187,Painting in the style of Andrew Atroshenko,661,Andrew Atroshenko,holdout
1188,1188,A reproduction of art by Andrew Atroshenko,586,Andrew Atroshenko,holdout
1189,1189,A famous artwork by Andrew Atroshenko,4443,Andrew Atroshenko,holdout
1190,1190,Image in the style of Ashley Wood,1978,Ashley Wood,holdout
1191,1191,Art inspired by Ashley Wood,2248,Ashley Wood,holdout
1192,1192,Painting in the style of Ashley Wood,2435,Ashley Wood,holdout
1193,1193,A reproduction of art by Ashley Wood,3007,Ashley Wood,holdout
1194,1194,A famous artwork by Ashley Wood,1868,Ashley Wood,holdout
1195,1195,Image in the style of Yayi Morales,2697,Yayi Morales,holdout
1196,1196,Art inspired by Yayi Morales,3192,Yayi Morales,holdout
1197,1197,Painting in the style of Yayi Morales,837,Yayi Morales,holdout
1198,1198,A reproduction of art by Yayi Morales,3641,Yayi Morales,holdout
1199,1199,A famous artwork by Yayi Morales,209,Yayi Morales,holdout
1200,1200,Image in the style of Masaaki Sasamoto,3023,Masaaki Sasamoto,holdout
1201,1201,Art inspired by Masaaki Sasamoto,1737,Masaaki Sasamoto,holdout
1202,1202,Painting in the style of Masaaki Sasamoto,4685,Masaaki Sasamoto,holdout
1203,1203,A reproduction of art by Masaaki Sasamoto,1447,Masaaki Sasamoto,holdout
1204,1204,A famous artwork by Masaaki Sasamoto,432,Masaaki Sasamoto,holdout
1205,1205,Image in the style of Bill Brauer,3609,Bill Brauer,holdout
1206,1206,Art inspired by Bill Brauer,56,Bill Brauer,holdout
1207,1207,Painting in the style of Bill Brauer,279,Bill Brauer,holdout
1208,1208,A reproduction of art by Bill Brauer,2895,Bill Brauer,holdout
1209,1209,A famous artwork by Bill Brauer,4187,Bill Brauer,holdout
1210,1210,Image in the style of Alessandro Gottardo,1653,Alessandro Gottardo,holdout
1211,1211,Art inspired by Alessandro Gottardo,2529,Alessandro Gottardo,holdout
1212,1212,Painting in the style of Alessandro Gottardo,359,Alessandro Gottardo,holdout
1213,1213,A reproduction of art by Alessandro Gottardo,452,Alessandro Gottardo,holdout
1214,1214,A famous artwork by Alessandro Gottardo,3634,Alessandro Gottardo,holdout
1215,1215,Image in the style of Claire Hummel,567,Claire Hummel,holdout
1216,1216,Art inspired by Claire Hummel,2484,Claire Hummel,holdout
1217,1217,Painting in the style of Claire Hummel,2700,Claire Hummel,holdout
1218,1218,A reproduction of art by Claire Hummel,261,Claire Hummel,holdout
1219,1219,A famous artwork by Claire Hummel,3702,Claire Hummel,holdout
1220,1220,Image in the style of George Ault,2381,George Ault,holdout
1221,1221,Art inspired by George Ault,4868,George Ault,holdout
1222,1222,Painting in the style of George Ault,1526,George Ault,holdout
1223,1223,A reproduction of art by George Ault,555,George Ault,holdout
1224,1224,A famous artwork by George Ault,950,George Ault,holdout
1225,1225,Image in the style of Bruce Coville,2333,Bruce Coville,holdout
1226,1226,Art inspired by Bruce Coville,2476,Bruce Coville,holdout
1227,1227,Painting in the style of Bruce Coville,3717,Bruce Coville,holdout
1228,1228,A reproduction of art by Bruce Coville,3528,Bruce Coville,holdout
1229,1229,A famous artwork by Bruce Coville,911,Bruce Coville,holdout
1230,1230,Image in the style of Joel Sternfeld,3223,Joel Sternfeld,holdout
1231,1231,Art inspired by Joel Sternfeld,3228,Joel Sternfeld,holdout
1232,1232,Painting in the style of Joel Sternfeld,2952,Joel Sternfeld,holdout
1233,1233,A reproduction of art by Joel Sternfeld,2745,Joel Sternfeld,holdout
1234,1234,A famous artwork by Joel Sternfeld,2549,Joel Sternfeld,holdout
1235,1235,Image in the style of Stephan Martiniere,2675,Stephan Martiniere,holdout
1236,1236,Art inspired by Stephan Martiniere,3590,Stephan Martiniere,holdout
1237,1237,Painting in the style of Stephan Martiniere,3983,Stephan Martiniere,holdout
1238,1238,A reproduction of art by Stephan Martiniere,2271,Stephan Martiniere,holdout
1239,1239,A famous artwork by Stephan Martiniere,888,Stephan Martiniere,holdout
1240,1240,Image in the style of Theo van Rysselberghe,568,Theo van Rysselberghe,holdout
1241,1241,Art inspired by Theo van Rysselberghe,1936,Theo van Rysselberghe,holdout
1242,1242,Painting in the style of Theo van Rysselberghe,460,Theo van Rysselberghe,holdout
1243,1243,A reproduction of art by Theo van Rysselberghe,3689,Theo van Rysselberghe,holdout
1244,1244,A famous artwork by Theo van Rysselberghe,4474,Theo van Rysselberghe,holdout
1245,1245,Image in the style of Walter Kim,971,Walter Kim,holdout
1246,1246,Art inspired by Walter Kim,3354,Walter Kim,holdout
1247,1247,Painting in the style of Walter Kim,1803,Walter Kim,holdout
1248,1248,A reproduction of art by Walter Kim,4818,Walter Kim,holdout
1249,1249,A famous artwork by Walter Kim,889,Walter Kim,holdout
